VehicleID,Amount (Million Naira),Amount (Million Naira
VHL18518,1.2203326678812114,2.1646312763954274
VHL17149,1.385765020609049,1.5326968101248264
VHL10927,1.366867813501363,1.038744353181751
VHL12909,1.3528070609169902,1.4075196908132837
VHL12348,1.5397728042649381,2.0079846986585257
VHL10798,2.8293802686705134,2.7258950213260467
VHL11022,1.0853403655432237,1.0420594427654923
VHL12206,2.0100505924822336,1.8944261850264887
VHL11697,2.419184580405837,2.284201279824232
VHL12313,1.4457859390991166,1.6538487657937713
VHL13411,3.3658455615774843,3.3771453618377105
VHL14334,1.7325852282714513,1.608198411444652
VHL14302,1.4627925023295478,1.7542376351236948
VHL13979,1.5270319751780839,1.407684762549601
VHL12272,1.5666027361677106,1.4572655057036672
VHL15071,1.7565093413390627,2.107256393733703
VHL19166,1.389253001013801,1.32531486761203
VHL10471,1.4677754045332079,1.3395770417320785
VHL18431,1.4510294851534993,1.354173324720511
VHL12325,1.6104260008607452,1.5804144586613678
VHL15657,1.2734675538188007,1.2835421310172024
VHL13667,3.5490854339333886,2.6452082129522063
VHL18913,2.986127888166144,2.73892498126854
VHL13273,1.900598435588924,1.653239370686852
VHL16576,1.395272437599031,1.2490654171574942
VHL15506,1.2334787683715644,1.094297166160901
VHL10460,4.24888283553336,4.175430253871123
VHL16050,1.9386432840001677,2.0793017327967687
VHL17918,1.7288645226423305,1.94185738903076
VHL12992,1.773479817623214,1.6369616253003223
VHL10261,1.7295836368313668,1.3843410401524097
VHL18348,1.6692262097691715,1.717697563236333
VHL11577,1.8329112705144923,1.855549337783716
VHL16957,1.7260355063458046,1.5476729826517055
VHL16165,2.275888286244851,2.224294421352851
VHL11441,1.2118469200434383,1.3003642136896325
VHL19990,1.627082351564653,1.5742206467521855
VHL14072,1.4000933260418997,1.1950339027919812
VHL13637,1.3268705552904938,1.2238418027626332
VHL10757,2.645888802561514,2.320244194811833
VHL12657,1.7654991085705507,1.7218923814076554
VHL19939,1.8205978793334467,2.3674262908408235
VHL12094,1.7433872385479154,2.0331238395273563
VHL17177,1.5254854560836288,1.7144676303171804
VHL16720,2.5483071971491245,2.3877568431294858
VHL11478,3.806837535501456,3.5742315166149465
VHL14386,1.8639980848804754,2.151394950559504
VHL11341,1.9604721768800402,2.0221186205420087
VHL18683,2.307218016300138,2.410715965419969
VHL13430,2.012049754387583,2.3752549532887253
VHL18932,1.9567102650851829,1.5591654778876562
VHL17505,1.2794625260618646,1.742186577069064
VHL16272,1.5228648959747448,1.482426253934702
VHL14777,1.39053519327463,1.13683282744909
VHL13186,1.4404618088433254,1.5303201979297711
VHL19383,1.7076525325970138,1.3635016256169143
VHL14605,1.877014431839724,2.3177265592099165
VHL11440,2.7351653053232945,2.5770452296277018
VHL14303,2.153190318842018,2.081522877935948
VHL19478,1.5142450016524038,1.3183237015538212
VHL17837,1.0462039364837508,0.9307033605556816
VHL12824,2.201686087127936,2.123992012960789
VHL17476,1.6223832131276577,1.569944304551226
VHL18988,1.6658455153703193,1.4965111216119604
VHL19482,1.5834881048430995,1.4550187130850838
VHL13263,1.502482958674726,1.5462528683058137
VHL17078,2.1156886672097026,2.336245681468005
VHL19170,1.1988638736451211,1.1726988980806836
VHL18070,0.9222300797633984,0.8886888896339739
VHL18061,2.308897856504708,2.313450307900502
VHL10726,1.8805560072779162,1.9191242173372456
VHL19212,1.4025124120404886,1.4098436049842094
VHL13283,1.6528009604591165,1.620757927317713
VHL14023,1.636492515937109,1.7699733141392713
VHL16973,2.524172891546704,2.792050747649153
VHL19653,2.668520743695816,2.294683342555227
VHL18605,2.245857739844176,2.0764508539270445
VHL13287,1.717391769045999,1.967674684123123
VHL15719,1.225538799340234,1.2068350188852768
VHL19636,1.3346393649705257,2.2265921990003146
VHL11009,1.9289572613184454,2.4423017612207136
VHL18087,1.4755857037686357,1.4587328263064083
VHL14422,1.4457140716209058,1.7975221417096046
VHL15789,2.7391553140876623,3.1067368160139783
VHL12369,1.4342755772039628,1.353853925153628
VHL15812,1.9189347539897472,1.666539579961618
VHL18767,4.930421305856618,4.408708344694261
VHL19271,2.79797258902171,2.784864618177303
VHL17403,1.1529588192176854,1.155064806532708
VHL12967,1.4554760661144868,1.6292740126042582
VHL19998,2.1375934023062344,1.679040332155398
VHL12336,2.392154487673483,2.493676988376635
VHL10328,1.3905531360535823,1.5690429296441126
VHL18908,0.7545121277451428,0.9926139183890206
VHL11127,2.2051229269168298,1.7988228411218965
VHL12655,2.2399091229837897,2.319712436001028
VHL19086,4.2104257076706855,3.852118493296616
VHL10384,3.790451003596381,2.77672596318748
VHL15712,1.8886434029097494,1.7349618706966847
VHL11054,2.8427176895276838,2.776354023208772
VHL16505,2.125370265730578,2.4614089435303
VHL10534,1.684324073924905,1.6048209930097366
VHL14120,1.0004722315288022,1.331945318753913
VHL10206,1.8726440489339988,1.866688337066276
VHL13595,2.3678705467377803,2.2286536373045736
VHL15887,1.5462238746314425,1.5245075283093394
VHL12672,1.2941316882404328,1.342933390314141
VHL19770,1.44527926760165,1.4432516394792947
VHL13026,2.476122803001034,2.7421986698673906
VHL12635,1.6246566623524934,2.2083016012124714
VHL14014,1.774635167234236,1.768052761621594
VHL19238,1.87881967931122,1.8242760180958049
VHL18156,1.6406177525459487,2.020885606263505
VHL13087,1.4753480779427888,1.517380737234244
VHL13743,1.8265573229837344,1.6203267526224965
VHL19323,4.346635861940062,4.202086966870724
VHL16129,2.2758632634645726,1.9386554829254063
VHL17626,1.6135082618522083,1.511258674349252
VHL14525,1.5473157101865302,1.317870589270005
VHL15597,3.5183347403974623,3.918271839849192
VHL19429,1.3857650206090488,1.5885543048475963
VHL14074,2.468931561763164,2.428168749903552
VHL17422,3.6431362380532732,3.373106699307213
VHL11861,3.0701748295357008,2.589598271992423
VHL19828,3.5902527449234776,3.557038778153709
VHL14000,2.079922262313984,1.7858863761166608
VHL12312,2.3365638228502226,2.1425355169960776
VHL16257,1.6211712351304097,1.5674859419708995
VHL14859,1.0422099367975335,1.2362288067514409
VHL16048,0.8839395420517674,1.0085324452287647
VHL14039,1.8063164596854642,1.637991580967359
VHL10296,1.141532198614038,0.938586288111918
VHL14949,1.3027172261231648,1.3318047218385607
VHL17034,3.524154493475934,3.1664741701477856
VHL17149,2.9326123915272495,2.80132074030252
VHL19677,1.8509981397663648,1.651163750753918
VHL14433,1.5702979914012252,1.5629088275450878
VHL16582,1.977609410435056,2.4479173708281787
VHL10059,1.689945681789839,2.044124424164105
VHL17140,2.476122803001034,2.668321150232295
VHL10364,2.068531638621893,2.106352322143316
VHL16932,1.7457791082163001,1.5994259898644707
VHL18587,1.6666216930304274,2.183293292353897
VHL13635,1.413204035672171,1.4111077303716248
VHL18371,3.4900832734359057,3.627898515571488
VHL19622,2.061596197744799,2.25400625291939
VHL18669,2.2394510711956555,2.4476486381867004
VHL17359,1.6889161124436427,1.3603697445188887
VHL19788,1.4441616351631879,1.662957840318685
VHL19078,2.1049788563745593,2.377790881222752
VHL12673,2.0069275474668515,1.9646155528210407
VHL17895,1.3544629730671915,1.482267330914726
VHL18950,2.530146943301917,2.444035232735958
VHL13562,2.8195154889455223,2.9776291505497414
VHL11306,2.475861388845799,2.5909042842381083
VHL15496,2.2787263056955624,2.070660160396657
VHL11927,2.778785513982062,2.2424358320545537
VHL10392,3.294248588006549,3.096266468739019
VHL14124,1.4346543938659377,1.046910611894421
VHL12586,2.0407317842847075,1.7272217751441048
VHL12895,1.8196130678764297,1.808988409809608
VHL18481,1.5126765095531598,1.5178788534307517
VHL11310,1.7617005356800406,1.767647461768997
VHL15810,1.9208157479699803,2.1195676844074223
VHL16037,2.02610810960106,2.4262919051015115
VHL19627,3.055822300473116,3.1605381676975584
VHL11152,2.799861949837047,2.517565359334221
VHL17698,2.748503580223029,2.6766565031115515
VHL19815,3.4473586054053995,3.7231038153446696
VHL18192,1.972248328868234,1.831109894674016
VHL19720,1.1661105368819713,1.1953939091983334
VHL11686,2.4015986327444616,2.4249352481318804
VHL18649,1.983897277188985,1.769203599855944
VHL12765,1.693902995160561,1.620597310344328
VHL10026,2.50152623609873,2.420083804448727
VHL11001,2.022787455410284,2.1020398337650934
VHL13433,2.1045539712784516,2.2876803045084464
VHL17827,1.2633904539568133,1.063409121608141
VHL12344,2.3550660873095266,2.1713404678445176
VHL17308,3.9588943472651046,3.88968271825389
VHL18722,1.8090233222495478,1.489838156144142
VHL17199,1.5753660522352906,1.7226591522020178
VHL15338,1.5168289907108623,0.977014358026975
VHL16946,1.4654165221916895,1.4827940003407738
VHL11039,2.016661195822393,1.6092662823494963
VHL18017,2.155450290412569,2.1458058050145903
VHL15945,2.9643962483177675,2.8512264783801937
VHL14724,1.3101999749327395,1.207886148426487
VHL15314,3.3460993224752116,3.619846626634055
VHL14276,1.6969623041375694,1.3174541533064577
VHL17883,1.5678076132551002,1.619449602613375
VHL14385,2.2211193048258906,2.92638003022708
VHL18665,1.6022339819183355,1.5348690239837195
VHL15936,4.116128729592617,3.758283947727143
VHL19518,1.863748387789326,1.80182846041019
VHL13530,1.93710798144352,1.839447428141068
VHL17861,1.296181804505745,1.2950486647169814
VHL10966,2.4636935628662036,2.3787511662652663
VHL11652,1.6210036686528213,1.6514232636129305
VHL16641,2.5614891852541697,2.7154639753363803
VHL12017,1.647267945054437,1.7447457144962988
VHL14856,1.4361519841638783,1.374931695783856
VHL16801,1.5542266179899886,1.3815542886911345
VHL16814,3.1746811878554246,2.7227101769228312
VHL13748,1.4116634556095418,1.3371956570468757
VHL13104,1.9656619266386002,2.396523318024862
VHL10022,4.118022334289701,3.4765361598976403
VHL14787,1.269857377906647,1.3304046747369764
VHL19015,2.111209885862471,2.268413424561771
VHL11089,1.7651094100201639,1.900365707405652
VHL13873,1.6842521251940288,1.6219193471396178
VHL15486,2.4125444994756426,2.5966608842994696
VHL13253,1.3897377894533292,1.3502834717828895
VHL15232,1.5502684887205287,1.6176244583287545
VHL18914,2.154651453754978,1.808254844102492
VHL14922,1.325638034926461,1.4847734903107854
VHL14541,1.4990795867030522,1.4453590782965404
VHL15820,3.181140504048218,2.3332757403281263
VHL10710,1.360054502588642,1.5147852877319137
VHL11752,1.5659691286855257,1.6699341096370577
VHL13868,1.3016304939197416,1.3426531725697282
VHL17442,3.830253225371961,2.9107725358222023
VHL14571,2.380251095450891,2.536368112464453
VHL17155,1.3917789363057893,1.3745312326981816
VHL11093,1.240677173415283,1.451636321092663
VHL18280,1.4058996925780316,1.5472398119536732
VHL18425,1.8177319814902522,1.3309252808383878
VHL10175,1.7436780825228766,1.565453861328645
VHL15307,1.6744492335420667,1.864726877175296
VHL18062,1.8769323147206023,1.7909843130953045
VHL18972,2.0218562931030446,2.333850249100649
VHL11185,1.5456297157306054,1.9136931646324389
VHL10343,1.5069869178743422,1.412167952807393
VHL10450,1.85745174077339,1.5659879915806083
VHL19621,1.6734674551743693,1.4689822381523463
VHL14502,1.4522843403712828,1.5517716896996163
VHL12768,2.3701353391658992,2.3689814803653606
VHL19922,1.4594413475950625,2.019916217783462
VHL10824,2.9957991423741475,2.9676664981653897
VHL16646,1.7713775319280365,1.6998985012959416
VHL15462,1.9805393700026528,1.570776362994655
VHL15801,1.7988653683087068,1.8068549450341285
VHL10322,1.4201071818949795,1.5148237078407505
VHL15613,1.707110563460434,1.5311081355023493
VHL17756,1.5002729914374089,1.5478683854657174
VHL16186,2.804420552666861,2.470612090308022
VHL19061,1.2118469200434383,1.3389714777122006
VHL13446,2.6297465264848796,2.6751211067204803
VHL10599,1.5191493351603227,1.66724901439742
VHL18255,2.40967839853453,2.355547356711775
VHL17948,2.0728810590940157,2.395240852909621
VHL17616,1.299623579155338,1.3229369342816732
VHL17664,3.9498740882178573,4.071098147597066
VHL18299,1.2077585703228788,1.1505280980341308
VHL18959,1.8200243147905986,1.9030819123869744
VHL10473,1.3177588934890112,1.742131921977205
VHL17271,2.1309945838961264,2.478206609544916
VHL19798,2.22596109908239,1.8600657227197428
VHL17935,3.3971828467381804,3.62679945946981
VHL10245,2.6146354249604458,2.983930036864227
VHL15041,2.04091832906391,2.7394941963798334
VHL15001,1.3850160345126201,1.5477427233154444
VHL16287,1.6693501408644948,1.5833679172007356
VHL13974,3.4462133776126826,3.41287248037918
VHL15764,3.362913250566126,3.625186541415284
VHL18888,0.9226757317524317,0.8655427880900827
VHL14882,1.7836489925127743,2.2254050423870986
VHL19424,2.1018362804918636,2.161280770242591
VHL13785,3.6096959317433153,3.75011401588452
VHL10783,2.2774941200139027,2.4999965398907973
VHL19808,1.535543898061843,1.4974110799047935
VHL18890,2.5483071971491245,2.3877568431294858
VHL13440,1.301716387228441,1.4326195229053054
VHL13285,1.2789894571238554,1.6105307063316658
VHL18805,3.2318830243433503,3.31045372966904
VHL18550,1.9603041543280866,1.681538291589138
VHL10061,2.3457000893568973,2.2784323667246564
VHL18522,3.224729210985617,2.963643611755153
VHL16813,1.88137791457448,1.953306454619256
VHL11036,2.1889928440562,2.146127272213807
VHL12107,3.552916784606295,3.7397482170194905
VHL17826,2.7895845724285677,2.559302003974409
VHL14449,1.2675530932896053,1.3863408113545788
VHL14938,1.6391185455287078,1.87974668237906
VHL14098,2.1235789262780465,2.253236057155294
VHL19241,2.5709156090934,2.041592188733664
VHL17856,1.5039539140673093,1.320506523216613
VHL18900,2.283232270824045,2.322563584071611
VHL11133,2.234443445831857,1.9717177709157057
VHL11687,2.3817489199807453,2.4520086086998374
VHL12719,1.8670119073949594,1.5030291882131157
VHL15531,1.2232386014731715,1.1568542111150648
VHL17329,4.2980466262179835,4.12536596917642
VHL16806,1.363981888385506,1.4225172738865302
VHL11582,1.703923778205337,1.2814007910207552
VHL16362,1.672371562021444,1.7716965321419125
VHL11119,2.2082135275522856,2.114248205176936
VHL13806,3.294248588006549,3.0824607119500245
VHL11733,1.5298991815871326,1.2281532501789227
VHL18959,4.053321669450712,3.916394781528
VHL17287,1.9872980449281172,1.804312199864132
VHL11709,1.9529022448750593,1.965514720058008
VHL19793,1.4067906287559506,1.4074748758612106
VHL19880,1.4089928800927247,1.169273105544649
VHL19964,3.052930364548666,2.589787501906538
VHL12784,3.026562209519343,2.905844753275241
VHL17371,2.574765099189463,2.5703957943957305
VHL12439,1.4114754700245151,1.474551930228939
VHL16652,1.474079043159105,1.4425164996416422
VHL17836,2.05114785498757,2.27673004607831
VHL16597,2.190681465703349,2.612486799309088
VHL18707,1.4627925023295478,1.7542376351236948
VHL16683,1.8669363835022885,1.905357315924032
VHL15365,1.8355640951439476,1.5514962832136292
VHL13507,2.2411977005093573,1.966932704297083
VHL14459,2.743739349654983,2.710729517702219
VHL19300,1.9523766054750915,1.7381294735470112
VHL18418,2.4049656340950745,2.852020600306667
VHL15350,1.5390669103335017,1.4367924616635113
VHL15927,1.4789017437304377,1.1833639855128906
VHL12985,1.9730800843271274,2.0955629309994936
VHL10426,4.049958914077966,3.767390748110409
VHL10506,1.257386722416614,1.2999068438857375
VHL11042,2.9192678469367674,3.058627516694315
VHL18043,1.4333011593450506,1.4312995881906414
VHL16258,1.5948452903409556,1.7713696256066194
VHL19326,1.5781170698047666,1.9376666945797416
VHL15424,2.1909516404830356,2.035502879111226
VHL19014,2.4269701681847042,1.685967390049076
VHL11310,1.646774337808921,1.715305937933477
VHL12927,2.3348195501049847,2.2213929007343336
VHL10082,1.4990553817531105,1.4461958177845928
VHL10068,2.873353219239436,2.851658550707953
VHL13660,1.6833191428917282,1.2800782490150988
VHL18810,2.153913150631245,2.053001405976179
VHL17666,2.6265151874972537,2.494477930973752
VHL18022,1.3378047162228657,1.4207710575268826
VHL11237,3.012779033943004,2.3350618194926667
VHL17240,2.476122803001033,2.6600484482517164
VHL13512,1.4971561266356308,1.7890204931118188
VHL10596,3.9546450090738725,3.9646723848234746
VHL10073,2.406382240849665,2.286297607799736
VHL13719,1.7531220140078474,1.692523810814511
VHL10077,1.2540714669675712,1.290201416228401
VHL13151,2.0421149133199945,1.939506466034285
VHL12499,1.4000490243471784,1.4301996083544397
VHL18832,3.530506770382238,3.16582330191108
VHL16790,1.9475144202767438,1.764135630400815
VHL13880,3.3413413951469986,3.665645106274424
VHL19448,1.531266250690298,1.5633171183197203
VHL15860,1.5177633440653022,1.4577130242633942
VHL14538,2.214521143504381,2.1272603011394566
VHL16505,3.1394084346166764,2.824019540397665
VHL11544,2.3493275935267346,2.1316314569264803
VHL19830,1.7317104563169217,1.5582868740389588
VHL10194,1.4428598190122757,1.4077182545102411
VHL15744,1.4073993134823393,1.1945967193980536
VHL10957,1.368508492415653,1.5164096844079145
VHL12568,0.7817628557934232,0.979921996609217
VHL19448,2.599488153104081,2.3734155021007743
VHL14417,0.9818005790422781,0.856834643610473
VHL10368,2.1657060151038756,2.3087244572483314
VHL10806,1.7566482440354307,1.7674497385864327
VHL17414,1.9351419941337036,1.831247217346897
VHL14892,1.3271925941103844,1.0870219979282791
VHL17933,1.8597671571476617,2.016458979167699
VHL15852,2.7393668762151955,2.623239915108367
VHL10505,2.96117182414702,2.853018564633628
VHL18345,2.841688929287602,3.495318364448072
VHL13294,1.5886580480418027,1.4358256116287336
VHL18253,1.9605355831803948,2.08433773699029
VHL17152,1.4311712511056147,1.7462751400969427
VHL12883,4.247173938144767,3.792762605567151
VHL16101,1.8597068179450846,1.5266358152250925
VHL15563,2.1821113525369564,2.2301080295774174
VHL10313,1.591441793373276,1.5608761221045448
VHL18291,1.1470886869493793,1.3015790470300408
VHL13553,1.416030298422148,1.5041725993598316
VHL11440,1.3244547991033442,1.3258133622133133
VHL15887,2.2368807795690135,2.095155809733217
VHL17489,2.5638126998924387,2.489641703135148
VHL16271,2.315530393687603,2.5616653322168794
VHL15007,3.47681455200125,3.780176244176184
VHL15329,2.4086512773080497,2.4121151515280475
VHL13826,1.6806837085364652,1.7220583478275089
VHL11568,1.6600973753132056,1.3999378941670275
VHL13578,1.1516563415718082,1.2653325535019206
VHL16302,1.7495410226977217,1.774654568372261
VHL12677,1.193219635281216,1.4501753021831842
VHL18866,1.1216332656097616,0.976714805386852
VHL11976,1.3354094780135222,1.5342395768723724
VHL17817,3.8651737991104076,3.700661021892599
VHL16893,1.2567912320309904,1.3058220778865597
VHL11075,1.6935201396811368,1.339773584441749
VHL14865,1.8142007614080424,2.2147532735030744
VHL13535,1.2117459974888976,1.16486127198039
VHL16299,3.268633282402056,3.305058091050265
VHL19327,1.9558175359634546,1.5729925445489708
VHL10055,1.256279853588235,1.1477473529602988
VHL14258,1.7315694236926908,1.908473120546177
VHL11527,1.1725936912095998,1.1032101773805212
VHL17682,1.5468201730965385,1.1029695798376171
VHL10073,1.3237894746035146,1.3640238680682095
VHL14599,3.4116368038883076,2.959197823197487
VHL15495,2.169986255415204,1.9158027105872089
VHL13387,1.650954373864198,1.488619193222041
VHL19505,1.6223832131276577,1.5517537086663058
VHL16307,1.0141898629479926,1.0495578124717495
VHL11034,3.2187742305570595,3.777828063718997
VHL13625,1.9074424910974686,2.013675618486334
VHL19623,2.0211325186107283,1.779789030140362
VHL10838,1.837502415592693,1.616993137771472
VHL11711,2.2299155184391317,2.388097192741792
VHL14148,1.381422276845279,1.3245904969242557
VHL15745,0.6904893673732565,0.7546251228973544
VHL15705,1.1044650026448588,0.9738934199309708
VHL14767,2.2612487283205693,2.5644909729091547
VHL10108,1.5463481407792399,1.4400898938657405
VHL17818,1.6384430301401487,1.7215415820211724
VHL18324,1.996024011742111,1.7453005612444097
VHL19741,2.1176279458138065,2.350975789682808
VHL11815,2.282631986963205,1.3627208830602635
VHL18939,1.452494609780939,1.6977053737489751
VHL18042,1.4280818049399433,1.4073939532611104
VHL13176,1.8620327118451054,1.519739682386892
VHL16859,1.8014031725646855,1.4834688691465363
VHL14405,1.7872323258294442,1.777991563602956
VHL14751,2.22828802923622,2.8960813615608942
VHL18416,1.7222678114612933,1.6706602447859265
VHL13952,1.4311712511056147,1.7462751400969427
VHL14726,1.2757351014813092,1.3376982565246809
VHL11889,1.4457859390991166,1.6538487657937713
VHL12851,1.730545845617214,2.560137924194964
VHL12862,1.4504807781234204,1.4399968584576492
VHL14262,1.071990754091589,1.0442742460765806
VHL13520,1.7669737178332945,1.6818319028858395
VHL14967,2.532506155089718,2.490174030185472
VHL14728,1.192638012954887,1.1371894850771072
VHL15340,2.0346362044894444,1.8652938666958847
VHL14760,1.4489591165588107,1.557772178017543
VHL18498,1.767199265206343,1.77364752530389
VHL18440,0.9487455850681741,1.2138302457887162
VHL18477,2.3248974376666625,2.261340499200932
VHL16456,1.5468592521340159,1.8031296817553384
VHL19596,1.226587613475185,1.122608493583772
VHL19616,2.1810670394817913,2.239110482502544
VHL12885,2.4114545561548724,2.398778555202163
VHL13080,1.7163888283728213,1.5293598971015083
VHL10988,1.7235784681936086,1.7447314343561242
VHL16251,1.32409749414222,1.155325470865896
VHL16941,1.47174021619985,1.4636514103656058
VHL19708,1.499308288843468,1.6534861352794952
VHL13116,2.7055167643969624,2.69752592165975
VHL17823,1.4963955732613425,1.4778974614316227
VHL14587,2.2463318135978807,2.1915012115184744
VHL16807,1.1782145832141475,1.2815790507999631
VHL15706,2.1920039023124627,1.877321437640333
VHL19568,1.452494609780939,1.4394219233750265
VHL12877,3.484887720047417,2.8460760992899363
VHL16412,1.5363458292201542,1.4095446011357036
VHL18036,2.6942040020873668,2.5703338164202303
VHL16860,2.482259497272403,3.2737603681572143
VHL14755,1.8845530061338558,1.7437878525139143
VHL19234,2.7728486340955283,2.3515222239771343
VHL13272,1.3613708111767402,1.067415228627287
VHL16892,1.7539627782305947,1.7196409339302046
VHL17413,2.245946340991555,2.394536531198174
VHL18817,1.7979299619246079,1.5292364880150258
VHL11681,1.467501646969522,1.4655780700879877
VHL10192,1.9290165378568467,2.287952098123175
VHL16374,2.01674734268006,1.756262934613807
VHL17630,1.7235150610742516,1.7817390333472811
VHL15610,1.856339648928375,1.509314600801735
VHL11364,1.3830899798630698,1.251597081067568
VHL13136,2.1981162386118327,2.362845509679182
VHL10038,1.2020170308657785,1.6766922325395128
VHL12580,1.3313201317219676,1.354268825161057
VHL14253,2.4403762146303274,2.2944810476098048
VHL17421,2.431480203367027,2.7066368313228164
VHL15458,1.7374541349078285,1.6832029429373916
VHL12574,2.3295085016125916,2.477415303734321
VHL14109,1.6386939856337093,1.7601406718160824
VHL15943,1.4953326719057738,1.4397766372202758
VHL17404,1.6842377541364872,1.4923571273072307
VHL14940,2.3049778159375727,2.3386008204800963
VHL16625,1.9343085769537698,2.017082165372581
VHL12066,1.6745628062153617,1.7286361069113771
VHL12899,2.420254548889725,2.099426073147464
VHL11652,1.6790411478348855,1.5861975586693728
VHL17554,4.786074101766099,4.832702726362595
VHL11567,1.4264174567611252,2.383014524261385
VHL10163,1.5885617133252352,1.463501614372563
VHL10355,1.6595535169942877,1.9411182985105344
VHL12041,1.540108133798078,1.1728411339926463
VHL13416,1.5749870141604219,1.755165520131992
VHL15974,1.2019765845303954,1.3557691267272538
VHL12082,1.2398447578932494,1.3788506217069445
VHL12319,1.6527911981585575,1.7291425764770645
VHL12556,1.4754717656413066,1.4689088237355727
VHL18675,1.8378105152326036,1.7523933157218667
VHL13381,1.5410146535557208,1.582894326379648
VHL14325,4.231075036348645,4.399634294450641
VHL15875,1.3682176829055837,1.179976230115834
VHL10638,1.8679192462540843,1.916755159694192
VHL10544,1.234990397299324,1.070728872789254
VHL11654,1.7542311520551503,1.7200821005666902
VHL14423,1.422060557044702,1.396573971316529
VHL14569,1.4524946097809392,1.4285025907630031
VHL15007,1.46012355940102,1.271681275221721
VHL18221,2.7523483984184067,3.116813182830432
VHL10785,1.5115786148852783,1.1520502310211391
VHL16546,1.5595395344114957,1.4205361648612345
VHL19173,1.7349383684714046,1.916018985684616
VHL11731,2.471776357107603,2.386558439073607
VHL18180,1.9917459852010055,1.9867621765318373
VHL19452,1.7582001158101659,1.4927135251812536
VHL16163,1.467501646969522,1.6669146568904702
VHL14877,1.5565647872629396,1.5888053565670723
VHL10102,3.74613324408001,4.336941818458384
VHL16046,2.476122803001034,2.6528449067981086
VHL13684,2.283744955889886,3.131049023945956
VHL18749,4.302593764239806,4.608782438726817
VHL15304,1.8014998645999607,2.1002916216984584
VHL10117,2.9163381120821947,3.559339219434981
VHL19957,1.8011811951013137,1.3004546186160102
VHL19132,1.072354396031505,0.7779253259817662
VHL15383,1.6353805665381551,1.6930865643994757
VHL10136,2.571356806018492,2.332659812412148
VHL17919,1.721679791927094,1.7084545194600478
VHL11444,1.7336881322008075,1.7989543119641835
VHL18795,2.008492097615013,2.417060205096543
VHL12062,2.0795989473735688,1.473925943629255
VHL15890,2.5596977157631913,2.7012769252658653
VHL17372,3.1212648827147995,3.754244303771421
VHL12038,1.8597671571476617,2.480972442406541
VHL19368,1.6844868823126027,1.715295629929586
VHL10476,1.743706550809191,1.5125333416822395
VHL14079,1.8978038574728089,1.7599149596514778
VHL10401,1.336755756172807,1.2972462216368836
VHL12810,3.8724197563652916,3.5737208392923145
VHL19466,1.3689037899249417,1.4039685780992115
VHL15757,1.578479286691429,1.4801462606967226
VHL15894,1.56247159421222,1.7911408804358695
VHL18056,1.8836986809608807,1.7220091518283411
VHL16634,1.5046593852090724,1.4447190432091093
VHL16608,1.4058996925780316,1.5472398119536732
VHL19831,1.070036455766189,1.2954867531073675
VHL13863,2.2102187527560364,1.926937861433481
VHL11159,2.133939860790616,2.084312074922843
VHL15412,2.6862148579504237,3.081581470584441
VHL10730,1.540108133798078,1.1804398486011534
VHL17248,1.1884909630364378,0.9328056435773412
VHL16421,2.1321750419645644,2.1428821450723974
VHL11328,2.1324072326141406,1.6975321079776182
VHL18439,2.2368807795690135,2.081276237558636
VHL12340,1.5764577912758182,1.597620613568897
VHL10461,1.5723860990229581,1.435313704379224
VHL15024,1.5001257965865624,1.4792885187085778
VHL11850,2.4128104935519485,2.3458563762479203
VHL16423,1.9514524666225372,2.3343337510835367
VHL16427,2.213063865747369,2.09478529964334
VHL13444,1.4185785734071146,1.3565807532937515
VHL16609,1.8203928287248927,1.6260980813342096
VHL11522,2.091661407027599,1.82869675265919
VHL11433,2.3583113403803186,2.48926133819793
VHL15853,1.7148064796763518,1.6648684258376414
VHL14168,1.4259364180736904,1.3343137476966462
VHL19004,2.3660041729767167,2.351994860464379
VHL10827,3.944667075173302,3.595250719836918
VHL19998,1.310923003565636,1.3563721238454047
VHL14997,1.7323746630674122,1.7991494745308418
VHL15827,1.609675603135956,1.5241630364804208
VHL18844,1.6702082399489622,1.5812423308244894
VHL10076,1.3768179530261695,1.5037454778299404
VHL16342,1.807433371986703,1.7803187940472285
VHL19420,1.5596236292111896,1.540359369743146
VHL12762,1.645107250728751,1.7671974900553316
VHL16916,1.4477050321611702,1.5968881577626783
VHL10660,1.6343228665189184,1.43634222917616
VHL18142,1.7998109236543782,1.779119394279048
VHL13721,1.3423208216429612,1.123287944073862
VHL18101,1.0630814753693414,1.303076557494347
VHL11732,1.7665430137697864,1.532878385560999
VHL14351,1.650191890034065,1.541266181624395
VHL16617,1.4760123291034213,1.3578107434568316
VHL13840,1.8943227159838902,2.0131250285333926
VHL10596,0.9693048548731479,1.0058135289451668
VHL19148,1.4897382208018497,1.5013286176213452
VHL16845,2.1019148982552425,1.972660833737036
VHL17262,1.5331426215424468,1.826039228050752
VHL17801,1.5023000891329916,1.500858396264062
VHL18039,2.374807721105574,2.698314392206156
VHL15369,1.6434039703830752,1.8141805042973784
VHL14483,1.5564756129739945,1.462429876202366
VHL19700,1.530793836095755,1.6589039285512817
VHL15877,1.8777859909680559,1.7104736413102788
VHL15552,2.1109158722181838,2.29627115932147
VHL18756,2.5881527503430783,2.499538460091871
VHL10301,2.57415018094252,2.4710095835494665
VHL17678,1.7253768023812235,1.6059619854800504
VHL17604,1.3444475561206222,1.355028500367117
VHL17969,4.067778255281788,4.244241613351212
VHL17089,1.739410744473766,1.939825846079412
VHL13239,2.9881162108227826,3.743489102697938
VHL12466,1.4000490243471784,1.402598521700199
VHL16020,2.2915208665764535,2.6022588036830303
VHL15014,1.4397343579986788,1.4052200415815312
VHL13302,1.4463152796099583,1.3329725048143546
VHL17986,1.346295007328729,1.5547128887548802
VHL14724,1.715409219436697,1.7502137678820802
VHL15147,1.497655943527678,1.7647688590955632
VHL15325,1.3912144948353036,1.153161611098183
VHL16131,2.2450013248448757,2.2764670833218603
VHL14868,1.768500025481465,1.629640645244572
VHL15382,3.192046221654377,2.367020767155116
VHL12164,2.22596109908239,1.8600657227197428
VHL11723,1.5504313268519851,1.517628531292302
VHL14888,1.58684085288033,1.3988638062433454
VHL17997,1.5235077221208793,1.358966512401157
VHL11576,1.424434847657259,1.43543849351568
VHL16048,1.8340185818511845,1.749310491668912
VHL17795,1.475222503233589,1.5493019238074033
VHL15642,2.2681992417346404,2.202549542478484
VHL13953,1.2350791415588556,1.2517454532567944
VHL10189,2.103071377590841,2.367682711401566
VHL13338,1.812516045820185,1.971815051572684
VHL19247,4.587120467954242,4.538935064064517
VHL16429,2.6122909480518715,3.088466513870385
VHL10272,0.8403274195653733,0.8012381954527338
VHL12716,1.6765092227578908,1.4255324635480071
VHL12652,2.357927880725372,2.5719054934220287
VHL13545,2.0516237819546506,2.6288153590562366
VHL11323,1.2794677892890127,1.2534676582531157
VHL15121,1.4039917361053855,1.6154891393543096
VHL17568,2.115217710323897,2.1664403719503813
VHL11886,1.5352601597627902,1.3978396157193829
VHL17402,2.0599288898696457,2.129099888306701
VHL10243,2.865546565693,2.651201664732278
VHL13407,1.256921338862026,0.9419669503696604
VHL12149,1.5977892327839092,1.6236946657332048
VHL11037,1.6899072682681613,2.088682123984761
VHL17924,2.345601072044116,2.6343811758232736
VHL12180,2.470941628933864,2.287353419174848
VHL14683,1.3456272270756262,1.7027525396092145
VHL18920,1.6039499254287009,1.473189075029166
VHL12024,1.5712632946056868,1.6096486534939896
VHL13968,4.188944389867208,4.22827111146143
VHL11079,1.8884237074965458,1.4815795226169632
VHL14355,1.6425514954368563,1.49691224349938
VHL11824,1.75192449356565,1.6761276561309295
VHL19942,1.535543898061843,1.376444139530663
VHL12917,3.4935450702715682,3.510561667848386
VHL15326,4.172235293339877,4.3960967440506575
VHL13585,1.4618873927925318,1.4257056669264665
VHL12069,1.5548988682718525,1.4580603300417436
VHL17056,1.981937752048277,1.9772624182678271
VHL10515,1.8870499052391687,1.7554823337821386
VHL16435,1.452195465205533,1.1326406722591924
VHL17564,1.2713347778494266,1.4040874965728107
VHL18798,1.3139127613844515,1.2445435491671797
VHL10222,1.3739196710008916,1.5005007684176783
VHL17645,1.5468358883364004,1.1653313516071253
VHL10810,1.844384374349937,1.7346111057482096
VHL14216,1.460796207086303,1.4780264786693298
VHL13799,1.0703713897282483,1.285957719033452
VHL19965,1.5962345615301599,1.3139452078628842
VHL18568,2.08397041166687,2.01586553941359
VHL17957,1.498675721110879,1.4142915983032034
VHL11023,2.5149021654747923,2.5179124738557643
VHL17797,1.3896971638641173,1.4466189410165402
VHL16174,3.621303471226958,3.44661479832068
VHL15112,1.2403170663631355,1.0480508393864931
VHL10167,1.5044367749661354,1.494965064734717
VHL18749,1.7069206505851668,1.4969507467884355
VHL16276,2.370603229422831,2.43617452969054
VHL15593,1.9693154478333426,2.251676109643553
VHL18474,1.4810910954936047,1.7049274624774986
VHL13000,1.805690106395824,1.9812137072954288
VHL10796,2.1411333177261147,2.056291035088765
VHL16443,3.1588337186958784,3.657190541148974
VHL13954,2.2500918589020995,1.6842828145909932
VHL12761,1.3857650206090488,1.3995671233619456
VHL17916,2.41698090237781,2.301569753677509
VHL13145,1.7669528702730417,2.243350186413514
VHL19331,2.2680467555374384,2.3207587478976133
VHL15623,2.5406482875697103,2.3754158154070644
VHL13922,2.025775964716771,2.8979122005202216
VHL11222,1.332665431968021,1.4674231621630625
VHL15425,2.0513260590556235,2.2845646253313747
VHL19072,1.8375659905837272,1.8299747261152028
VHL18649,1.810760384739487,1.94224064949941
VHL14730,1.0547658278989036,1.3435197673834487
VHL12512,1.825969341694136,2.153850880854085
VHL18486,1.4106480278790408,1.331261763695475
VHL13182,1.5069869178743422,1.425797870643168
VHL19735,1.5825744759502345,2.032584239042185
VHL13370,3.1347000615807197,3.3806859103504534
VHL15038,1.9604721768800402,2.0221186205420087
VHL13034,1.253899442369312,1.1927492674327431
VHL16581,2.0204074862105523,2.296684431148735
VHL12113,1.7108089893915441,1.6748517984908553
VHL16914,2.3013631678315996,2.337520274281387
VHL18231,2.4191379131329374,2.649273750105004
VHL14192,1.75592873658706,1.7103405494414643
VHL10404,1.5046417980491846,1.494042017285753
VHL10084,3.680317402665911,3.526339086752478
VHL13855,3.4164965092478154,3.554053630683532
VHL14027,1.1177166695660512,1.02098722584491
VHL16209,1.3975524149689396,1.3286244570468568
VHL11144,2.5396063166780327,3.4065839278274006
VHL18646,2.1619806800671872,1.9724995240518013
VHL16431,1.9050479230397894,1.8389674764414905
VHL16873,1.4811117109677547,1.2667137538458453
VHL19594,2.0973876862976804,3.0066126800683275
VHL18630,1.2301444077890422,1.425231142906192
VHL17288,2.0082870515573212,2.00085455995364
VHL13113,2.572278035241907,2.560218649917473
VHL18865,1.7520308857473545,2.232345792639175
VHL18260,2.084068769041669,2.2556078923870104
VHL13198,2.035878632916963,1.966630909978513
VHL11475,1.0463095356414107,1.1665579266334636
VHL18584,1.8910440747324961,2.297086046816477
VHL14768,4.172055066789449,3.715396866695702
VHL16073,1.4038477024979987,1.4515906803737386
VHL15742,1.4404524020762033,1.3807944537893166
VHL18879,1.64414710012326,1.6240220418654423
VHL12038,1.1311483374467728,1.1976332348931436
VHL19728,1.7565093413390627,1.849295547912
VHL17986,1.6176594986813917,1.602295816060162
VHL18819,1.6296042938283015,1.6326827743851606
VHL12225,1.355669309812946,1.356970226245682
VHL19157,1.754356353763257,2.0500890856244345
VHL19615,1.6661210533206234,1.5624108866123316
VHL17175,1.5242656091400537,1.4414895379128934
VHL13050,1.9611355879179115,2.0632876520362804
VHL13123,1.8143761482449996,1.4875118361197883
VHL16065,1.1663043534148239,1.4190808334356446
VHL12484,1.6510368959464725,1.6182394043335775
VHL11338,1.736504234366724,2.349805805990724
VHL17289,1.867750025149179,1.890325809789949
VHL15447,2.027082360090585,1.7683885492612177
VHL18803,1.8769323147206023,1.7927398589802084
VHL18294,1.494339993879737,1.656894485431821
VHL15133,2.0840337994931346,1.985963190185568
VHL10657,1.251962909750652,1.159653864585415
VHL10619,1.6348276248864217,1.743396693155116
VHL17912,3.0665774517951445,2.488254919333783
VHL18164,1.8620662379150914,2.362130541886758
VHL14504,1.8185788234205567,1.6897796757720436
VHL18885,1.7289312250645168,1.823007971285901
VHL10118,1.5428823514218275,1.4827471173987548
VHL17852,1.6608611808701643,1.3029360955193725
VHL18834,1.7161905998558122,1.732446971002223
VHL11508,0.9382169803103679,0.9929654380892252
VHL17633,1.2176397672047499,0.8785862124426181
VHL15893,1.1642979494885302,1.359141111513661
VHL14089,2.3394991482995398,2.267091934865208
VHL18800,4.419173540853457,4.245371595117088
VHL12314,1.3908719153771267,1.4770118736611295
VHL18047,3.04415970211188,2.282908544275604
VHL11118,1.4851355585887145,1.42381461710461
VHL17922,1.6937382349256722,1.7762144117838574
VHL17121,1.8422212832178908,1.5010852501116516
VHL13960,1.4264174567611252,1.4579238960495895
VHL15350,1.3002447850271928,1.7875253558331323
VHL17939,1.7036877630609175,1.462136282551765
VHL11888,1.7052321722796997,1.5248323515278923
VHL17044,1.4093801018980978,1.3685204876748407
VHL10290,4.072888757926009,4.71807368022564
VHL19497,2.295796161783458,2.462215569318669
VHL17807,1.8771742693484827,1.942840852658125
VHL11467,4.299179773725119,4.358973287090706
VHL14703,3.1390777819189966,3.206452600597275
VHL17518,1.9081811463886695,1.7980467823681012
VHL19578,0.885872863185822,0.8822308430869237
VHL10425,2.8533118773039523,3.1303397339034635
VHL11304,1.6017703957886336,1.5518017133415725
VHL10086,1.437237005598577,1.324519838447367
VHL19512,0.9269094788339235,0.8682795913321578
VHL13350,2.1902283928484367,2.314189674098346
VHL12694,3.4197440801121304,3.7936198275766926
VHL12838,3.667158349895675,3.613632050750238
VHL16255,1.6810887821984877,1.3955420271958343
VHL15196,2.103504100101223,2.555277479034717
VHL16844,1.7665830389523305,1.779835866219622
VHL10977,2.0546323650791605,1.5847613180276772
VHL18145,1.497731661183586,2.117964355582912
VHL12297,0.821432872066459,1.0196975480167296
VHL15274,2.597025024569696,2.385181356194285
VHL15478,1.2813016216040705,1.628423161509598
VHL16940,0.7978891470339372,0.7852731553283582
VHL14407,1.1159818502795908,1.0058696728798244
VHL19544,1.8203315889750136,1.5782191027709445
VHL10519,2.1041109007237875,2.25156469503453
VHL16928,1.37577689999966,1.2187682448974713
VHL11692,1.4847482393001636,1.848252226965937
VHL15180,1.4264174567611252,1.480880921473482
VHL19040,2.354504852580764,2.326864836406847
VHL11628,1.735409978465227,1.4351174332654957
VHL19845,1.9695833402761636,1.593417198896337
VHL16574,4.018264805248398,4.269482760700268
VHL14807,2.2637928863038486,2.254458743587547
VHL11188,2.1707064727924967,2.9883024322849887
VHL18077,3.4666672706815786,4.119650274095989
VHL14836,1.7103092277395184,1.4749488698535331
VHL13406,1.3048762954290494,1.2462597582048025
VHL18365,1.532280755927905,1.368115968531514
VHL18328,1.4860814413053187,1.6116678635555264
VHL14695,1.4093801018980978,1.378453579660596
VHL12724,1.8191858041595879,1.758852020531226
VHL10202,1.260902906377762,1.3275458599732517
VHL12815,0.9380102340603754,1.1199476831763011
VHL12630,1.9411146110535387,2.1137264290290334
VHL14283,2.139853617936759,2.231531475840084
VHL18698,1.3915586430149167,1.3028479394711276
VHL10141,1.0625937763941962,1.1227221645496366
VHL16204,1.9789869689355553,1.8417828420620697
VHL11310,1.9200464082300979,1.7189735521627183
VHL18878,1.4746820652421213,1.4115591671387622
VHL19310,1.4346290378511548,1.3960061618470954
VHL18219,1.4491882082644238,1.451591505347884
VHL13108,1.4359797145005537,1.462044719255735
VHL14070,2.6163334981114335,2.410193290198968
VHL16891,1.620277762961693,1.6647095793878626
VHL10398,1.656818041841491,1.4408276750308473
VHL12755,1.594425212328983,1.2988972413377888
VHL12995,1.6699063299122063,1.5456111285151344
VHL12158,1.876155821371673,1.874142095013582
VHL17814,3.540693021595086,3.637308067567909
VHL15098,1.1002174106081948,1.211387090159993
VHL13066,2.266702933560447,2.5230601263127737
VHL13362,1.4567789115416947,1.562395636374983
VHL13443,1.225393608771244,1.2413897444501707
VHL18173,1.59886786458662,1.4207451100350366
VHL16277,1.9710927814032402,2.405220768887552
VHL17380,1.1333296925653122,1.52840571129311
VHL18129,1.6972419156827498,1.3818378300407457
VHL11891,1.756035860499408,1.5144517323524491
VHL11042,1.5050320789664435,1.4541851774645942
VHL16137,1.79484404376581,1.2956741284201407
VHL13400,1.5464864981556583,1.569447966706348
VHL19399,2.3848868297657484,2.400299882909992
VHL16723,1.6609646664790332,1.829639021008794
VHL12416,1.7409149131432446,2.0462085172039
VHL10350,1.8059715909854912,1.822839383462972
VHL13811,2.1052904308375635,1.6915880936846546
VHL13916,1.5817950443283195,1.5846459131683843
VHL11857,1.765227578938621,1.735009383497386
VHL12040,1.726117374922166,1.6982567998527895
VHL10872,1.7759136219185403,1.7041270028287667
VHL14351,2.465425066010836,2.8731512429717494
VHL18230,1.5552857798463227,1.163032107915805
VHL14851,2.553137486693019,2.4697245545637334
VHL19426,1.7539223186410386,1.6484142058850777
VHL12795,1.571332882829817,1.7368228348284225
VHL16882,3.7074817486507134,3.811811374406631
VHL15924,1.6128502729672143,1.4232175217035152
VHL10807,1.7322302236645517,1.4895386461733051
VHL10611,1.2994042227482256,1.1692748383229254
VHL15296,1.472036061190716,1.4128432741600905
VHL11333,2.5562159117330627,2.4167750777246164
VHL18616,1.2061272200798183,1.0242653923956462
VHL15633,1.927838671309173,1.896270421314313
VHL15157,1.1580684126484635,1.05921483517728
VHL16982,1.5505661778284412,1.46182691785819
VHL13879,3.4777508726271456,3.579992563776727
VHL17585,1.4841192864406627,1.475510546730909
VHL13116,1.4744533631017054,1.4753702157773412
VHL16982,1.1738971544834764,1.3434995963379175
VHL18017,1.7558400150215498,1.8817454357605785
VHL19155,1.9606638379697152,2.030267535923133
VHL19997,1.7028894449396357,1.7431641434990686
VHL19660,1.5069869178743422,1.425797870643168
VHL19990,2.1539131506312446,1.4288835817612215
VHL13582,1.2223021240325018,1.3482479241486751
VHL15998,2.5556541881331034,2.2061714426517005
VHL13285,1.3672913756107,1.2248543750930891
VHL16586,1.624709764454548,1.6152715396368111
VHL15120,1.7107472646090862,2.1399907361269976
VHL14954,1.4264174567611252,1.5211399414689994
VHL18066,1.8187812539699473,1.4400028900180586
VHL13559,1.4106949194846972,1.556926592002804
VHL14707,1.4309594980652733,1.653560241639056
VHL12562,1.5407374361375337,1.491523219812633
VHL15527,1.6850017300221078,1.8063053726454268
VHL12878,1.370173673891605,2.0816195059240217
VHL12507,1.273660602309288,1.3225792901015223
VHL14699,1.177386663749275,1.096542971939272
VHL14730,1.9082409973323873,2.2592909790421785
VHL16614,2.140800072433947,1.6555945419350937
VHL13024,1.977609410435056,1.6479991454508145
VHL19915,1.385765020609049,1.8329729537904973
VHL13101,1.3298351673560227,1.3484767436060603
VHL13052,1.3752863901660002,1.214186592546624
VHL19820,4.464185354930552,4.719012165886847
VHL11562,1.2464620323724724,1.0786115034613817
VHL16424,3.120352350224516,3.170763335878006
VHL10876,2.6667734904123015,1.852480380554288
VHL12199,1.5451704604351328,1.4035333457570076
VHL17320,1.2750795644290105,1.4684862372045857
VHL13599,1.623175293370877,1.545137446473862
VHL15761,1.823442640573838,1.785035242958574
VHL12114,1.664155645493788,1.7147951511608484
VHL14797,1.2600717674274378,1.3508650511520155
VHL10360,2.3771900699387905,2.640259734402026
VHL11344,2.7931852864158473,2.525324061407799
VHL13709,1.8615210938458104,1.665290964680909
VHL19962,3.4531922976960177,3.468126870308525
VHL11021,0.9390726591785874,1.0689317162586054
VHL11988,1.8036685320446828,1.8293413635634643
VHL18459,1.5055142051608694,1.3773375190128383
VHL12547,1.6748096189746682,1.4198641299154775
VHL17688,1.8615798543028046,2.025537293665844
VHL10267,2.3653862637865433,3.012915488193134
VHL17363,2.3627949322283928,2.266441096378511
VHL19946,1.6105342972675754,1.940076956628188
VHL17698,1.5848506310956245,1.7466456426748616
VHL10234,1.0904873920355675,1.108150916214641
VHL13897,2.4336049176344496,2.274342458738302
VHL13543,1.547422368504472,1.3570990939236238
VHL11002,1.5361175572879278,1.9445727962334527
VHL19102,1.6633314307108023,1.4519388472219747
VHL17633,3.5265017565715695,3.332459046196945
VHL18124,1.1935884099331575,1.3210745530923091
VHL16120,1.3055415772734684,1.0686604800216437
VHL19186,1.6440601501932868,1.572477509235718
VHL18664,1.777793265177142,1.7514371613824926
VHL17083,4.725596607437206,4.753926508502978
VHL13077,1.6899072682681613,1.5722763679926248
VHL17267,1.8675858271111974,1.5120699658079044
VHL18565,2.013639528437634,2.2409607619686107
VHL13814,1.921624536244051,1.975375936671544
VHL18967,2.767716566825615,2.4368261908925444
VHL13503,2.3426472609929787,2.053064384666244
VHL13644,1.4018397224979817,1.4839141274213272
VHL17079,1.7018369575163352,1.5371891432902334
VHL15239,2.022319935171788,1.859395652153718
VHL17245,1.6276314413604935,1.4607918617622893
VHL10153,4.641973777406688,4.671559073342797
VHL19693,1.3170710847105318,1.3619599111824874
VHL10773,1.1229656998632649,1.47248608866725
VHL11413,1.2705805059493884,1.3164331731074892
VHL10223,2.577398196529509,2.7277204608871286
VHL18530,1.6452611976031015,1.5300389484228176
VHL12551,2.0678050816926166,2.3278652095524843
VHL17602,1.640825241438059,1.8292905814341287
VHL13375,2.6069702750245534,2.604296759993068
VHL13337,2.8889919228308676,2.8391954734537825
VHL18551,2.2551926244898697,2.322610568058169
VHL17882,0.917364009463879,1.0474060607064677
VHL17761,2.0914949821070783,2.0553717746283566
VHL12646,2.0886069178392197,1.8811352617106607
VHL15219,2.4283914917547915,2.5129088715561765
VHL14365,1.30657645286579,2.208204745359757
VHL16915,2.1977725228844434,2.1724749187115213
VHL10906,1.5462838896356437,1.6767739786969045
VHL13513,1.7970090415203654,1.646924328032873
VHL14542,1.8604957554033619,1.9368028338088896
VHL14200,1.9485651442186422,1.35724182130408
VHL18013,1.7811105663242928,1.6593848835043934
VHL14772,1.4421132146060411,2.1230111768586872
VHL13641,1.8595483198428657,1.8269237957231348
VHL15001,1.85188404169445,1.7318785353446395
VHL10409,2.3205269797857047,2.331386135993773
VHL12698,2.643269649511095,2.494323888981552
VHL14128,1.8521921720160672,1.3392029105814172
VHL10621,1.475436498426406,1.502900643978136
VHL13729,1.7647990610628592,1.7461101422734406
VHL16191,1.8344215045449292,1.9298226014464896
VHL11188,1.6508194714233562,1.8498732168107488
VHL14810,2.7806897260877954,2.398611921741621
VHL16357,1.018132492637506,1.1600036800577298
VHL18353,1.530235447083141,1.5195143144901306
VHL15843,1.718825246432072,1.821084442838348
VHL10210,1.5254854560836288,1.6626582212378944
VHL17457,1.5964120897495269,1.5451490382049158
VHL11022,1.5531344525593602,1.7486429451892511
VHL16541,2.130402256863931,1.976030054589858
VHL17647,1.5986564656203184,1.7181490430959938
VHL11229,2.341239370590087,2.4142394913780607
VHL17996,1.526817440874622,1.5626668466611338
VHL17089,1.7610169683810013,1.7995331296282684
VHL19543,2.661825943300378,1.9896258859111888
VHL19715,3.1332782038247458,3.166018842767432
VHL17944,1.4311712511056147,1.7462751400969427
VHL16820,3.0576638282525637,2.696752057811233
VHL14857,2.159715015351836,2.4020090873755184
VHL17512,1.701311415593586,1.75133484822285
VHL16649,1.8291274074515198,1.963497852162592
VHL14838,2.6530694768439695,2.5375415544625075
VHL14568,1.7069206505851668,1.5047477394726254
VHL17525,1.8070938785140611,1.7265867615358763
VHL16117,1.828812051829567,1.580324692672886
VHL13135,1.4362532710983613,1.3728376838621188
VHL19812,1.3240922640009152,1.3281393485977913
VHL17027,1.40668462949639,1.3558185221826513
VHL14654,1.6465993753292079,1.5293134546972973
VHL12420,2.6904208877965945,2.7644691139781825
VHL10360,1.467501646969522,1.630117020886472
VHL13629,2.2659472563794854,2.1587613240370245
VHL16737,1.5589469476113615,2.3631694007619704
VHL15446,1.8228684286040635,2.220255258482266
VHL10946,1.8439385166795041,1.748761731945067
VHL13953,1.5671994795333626,1.424632653604362
VHL17303,2.7725945309856876,2.7754932776111354
VHL15447,1.845346558223349,1.798321415475484
VHL12854,1.6965407336942093,1.501677548691409
VHL12567,1.5407122953247756,1.3983914438208338
VHL19137,0.9335664971244727,1.002976070973008
VHL19411,1.3450932403321436,1.182064579755859
VHL10923,1.4799331271292266,1.628104679261589
VHL17236,2.880041006059244,2.7984020748245912
VHL19462,2.325049469795999,2.7813210742590373
VHL13097,1.8967265413950727,1.876949789568133
VHL19969,1.467189262183592,1.0911329780879404
VHL11860,1.5235077221208793,1.4219035577124817
VHL18943,2.579763949213756,2.5222009178804545
VHL11672,2.558799395191192,2.18530382565854
VHL10815,1.1585893065927813,1.5124594649522476
VHL16245,1.3800581376231758,1.3021988502720578
VHL14969,2.5285169468800968,2.686955085919488
VHL19652,1.5204015337147039,1.2357753934971096
VHL11330,1.128453917044374,1.184148579883248
VHL19827,3.5656821636476637,3.1973290153769045
VHL10484,1.8168920684323706,1.581514335751198
VHL11394,1.337510550223112,1.147451635696615
VHL18787,2.938100086136161,3.306172546928212
VHL11803,1.527190648120127,1.5063055260951606
VHL12784,2.5101751418493374,2.462468382359479
VHL17216,1.7063591466878165,1.7643193441787162
VHL10033,1.5665854606963525,1.926396572507601
VHL11776,0.8792215161151041,0.7860680841414164
VHL14947,1.646774337808921,1.7494493483255695
VHL17522,1.6633610511947405,1.4380692914541775
VHL14197,1.6744533117920315,1.844070137429055
VHL13071,1.548989796777154,1.397480427172804
VHL17406,0.9008989854703963,1.059272032374096
VHL12174,1.8475716811774436,1.9798843581032708
VHL12440,1.0130416224325014,0.7574717300637941
VHL12462,1.4578852306523715,1.431408064478144
VHL12158,2.0178052856409514,1.8376643642502213
VHL14899,1.8233701172497376,1.7679857729143666
VHL11281,2.558799395191192,2.252147054758451
VHL10913,2.4957429819867465,2.355696757521255
VHL19630,1.5171795140266866,1.4139233297689853
VHL19709,1.3356243426018366,1.4062101653203245
VHL14819,1.467501646969522,1.6909368706190555
VHL15381,1.6982789152340705,1.603790713865355
VHL14781,1.7173570966429863,1.7073324198311266
VHL18728,1.9842542285896834,1.8109673995360296
VHL16520,1.5067953649696024,1.7930945519333263
VHL10643,3.767199560367363,3.855190350703774
VHL19438,2.1080473262644217,2.181205279060917
VHL14103,1.5007900033523638,1.4374074276122273
VHL19088,1.8895663399807217,1.3803652198690868
VHL15456,2.2291818467529656,1.6416932066452226
VHL16411,1.6276790660779468,2.3138603398001765
VHL19044,1.8637353231520284,1.661438487432806
VHL15194,2.23829500915274,2.698262034834352
VHL11490,1.618548388359328,1.482081087997094
VHL13904,1.4783323626793727,1.4542189715449758
VHL15148,2.6042100041876295,2.548109410804519
VHL10918,1.376657564177268,1.7024837491187057
VHL19119,2.2811167643014696,2.913509140682243
VHL10313,2.934070095364003,2.677030676578204
VHL17176,3.386674038936323,3.986172527741216
VHL17166,1.535543898061843,1.5348322389369704
VHL11166,1.5927935880865634,1.7292105082228773
VHL19144,2.4647954903100047,2.0719596685838164
VHL17259,2.9446186379506067,3.246395702887112
VHL11965,3.2332532389262374,4.0297197412617605
VHL13791,1.2268254991567296,1.2922502171479875
VHL12309,2.4148260631352754,2.048638714512039
VHL18687,1.3455142424256081,1.1553266030510023
VHL10199,1.5385133310725396,1.6751347410327715
VHL18562,2.8834707924712246,2.3859239747205034
VHL14042,2.1362572918314546,2.134170737111303
VHL19017,2.1903896000747585,1.92307148967729
VHL18805,1.1485510724462933,1.0670234840731163
VHL18622,2.0824250443949537,2.093126947528484
VHL14045,3.31965363030639,3.2387618284665907
VHL17010,2.2684315034895777,1.993571256219239
VHL16993,1.4717329922017275,1.5551168811377445
VHL16050,1.7457791082163001,2.209398936022879
VHL16363,1.7560072221082155,1.7374822069400615
VHL10287,1.8464538274875815,1.7136545452640022
VHL19873,2.7906929560882823,2.3663872182052623
VHL15450,1.8036685320446828,1.714938641863843
VHL14789,1.3528070609169902,1.4075011841706044
VHL14379,1.5138811200962152,1.4388330173881814
VHL10911,1.5602331444029367,1.9058769388039545
VHL10449,2.7597511961280943,2.320611924263766
VHL19705,1.5002729914374089,1.6708018947401744
VHL14766,2.028613069725604,1.749028414267206
VHL16203,2.0153516547619335,2.007890865961341
VHL14855,1.3417002064348893,1.3765270855571234
VHL14661,4.442340885402944,4.626502960087786
VHL19859,1.2606795969477187,1.325514342174455
VHL14028,1.6476637559784408,1.780059482275486
VHL14991,1.3432220789454596,1.4584047863344436
VHL15291,1.5203819919686332,1.3786031455039902
VHL16047,1.799678755029402,2.402386462492414
VHL12253,1.741672363445685,2.0729717654784703
VHL10428,1.6037088737146914,1.3501873123495678
VHL15237,4.247324939710857,3.820392702202832
VHL16101,1.6578222432269407,1.4907739691739683
VHL16143,3.0425239352426523,2.313950316626993
VHL10257,2.492019841862214,2.387074375968243
VHL16662,3.7100330831270703,3.77287487348
VHL19799,4.194537426431794,4.13198160090903
VHL14241,2.185600763795823,2.1928195214584965
VHL17705,2.4647954903100042,1.9815203973839808
VHL17529,1.441269612511689,1.4846467395160952
VHL15191,1.3306164720274605,1.3676709729661594
VHL17451,1.5057179353987833,1.3320293963145178
VHL17879,1.6221790273008363,1.3894196204521798
VHL19264,1.2371157536351218,1.22320389614626
VHL19009,2.606600857338048,2.737130144280532
VHL10568,1.5566160011934083,1.5363432001602175
VHL19545,1.7139812537494639,1.836427920849721
VHL16822,2.2120254421452303,1.385133428249943
VHL10957,3.4015443397974416,3.561408465853916
VHL15607,1.984824319762724,1.9899335111693688
VHL12093,3.6782835571249386,4.227683426721726
VHL19096,2.6235401548690147,2.7381482868701896
VHL18288,1.7229362067691514,1.993730025137998
VHL11310,1.4676867464737104,1.4277350814150926
VHL19333,1.9555929907471217,1.8002618617895572
VHL13823,1.9604721768800402,2.386080550946456
VHL19965,1.4492047552721214,1.8069915060164847
VHL16917,1.8619206339766627,1.856796347333373
VHL11177,1.2713347778494266,1.4040874965728107
VHL16853,2.5366629372057377,2.916380068869496
VHL18554,3.4035287935015113,3.955093299421818
VHL18562,2.140919812583378,2.222615139032809
VHL10753,1.8958311517043929,1.8183917595984893
VHL16804,1.5929790723576809,1.448328760783968
VHL18774,3.223182890775314,3.167856623217591
VHL15561,1.5102878978178507,0.9848798796751532
VHL12265,2.051105693184292,1.7164406261051648
VHL10021,1.5024437551871945,1.635694177380656
VHL18216,1.5566160011934083,1.5363432001602175
VHL18297,4.725596607437206,4.753926508502978
VHL15781,1.519819867378613,1.6260228375999557
VHL12134,1.3270117835516295,1.1777831172977884
VHL12909,1.9079971287052993,1.9724376744247696
VHL19963,2.8083197937839586,3.370835257631075
VHL16014,1.265319677695543,1.3216025695571028
VHL14675,1.801899715486595,1.8578477247992933
VHL19999,1.5321960955996232,1.6450042770143032
VHL15433,1.5664777934813885,1.3255749841513682
VHL12937,1.5386980692715806,1.3284195022471994
VHL11373,4.0452815976080405,3.5723917212665945
VHL17859,1.6925034681048157,1.6543985268774362
VHL10314,2.5409638724261914,2.225310341327093
VHL18773,2.2125939062056545,2.5515580605822263
VHL16942,2.127729946180966,2.1095823286629503
VHL18334,1.1032336094606074,1.0751309096502082
VHL17910,1.700991730749579,1.7288747254124568
VHL18494,1.4681033068740579,2.477582543618357
VHL12860,1.051935239085565,0.8837389116127927
VHL10204,2.5132034476673057,2.142447524601314
VHL19924,2.5844068400569635,2.1031558579758656
VHL13255,1.5391257617901208,1.3685135172986411
VHL12057,2.2877527788914125,1.9571926298988616
VHL19296,1.7565093413390627,3.098381421268261
VHL10104,2.3461295897629197,2.9083192246367044
VHL14185,2.874784316664352,2.543093079809608
VHL15914,0.8848560564579218,0.9441468037044884
VHL11633,2.2156965180323347,2.2319848355843988
VHL10331,1.4887385711196406,1.488969639151523
VHL15981,2.246775601342157,1.3816040560067415
VHL18376,1.4161705771289117,1.7772511597091485
VHL14890,1.3933400369966296,1.6518419402464966
VHL14283,2.4125444994756426,2.612631309959264
VHL15877,0.700768802753424,0.7650307857707592
VHL10019,1.5584086425296326,1.756145701673696
VHL10439,0.9497685295048244,1.0318033335274288
VHL18436,4.1585308052569925,4.399406416807343
VHL11989,1.515198788557342,1.4455258159204518
VHL19813,1.8983181108194347,2.3564850534373627
VHL15869,2.9977950680836445,2.6292356048509937
VHL13464,1.535543898061843,1.4974110799047935
VHL14974,1.4612029124764727,1.5361055334671845
VHL13446,1.9104718861564103,1.91403021585166
VHL11326,2.277672348465593,2.008038926202884
VHL12561,1.756519340691512,1.4199202646679907
VHL12421,1.7072365376422796,1.564088227497431
VHL15061,1.5980573930036877,1.4359716436622971
VHL16174,1.8104055900705347,2.2470061291046624
VHL14500,2.0822369701380166,2.539649313941115
VHL16937,2.5724521409617838,2.41238100515394
VHL13576,2.553013762593806,3.0503509374757103
VHL12458,1.335488320731121,1.3180625064859075
VHL11965,1.8758149865580669,1.5065742394154475
VHL11890,1.5233189256816526,1.1964863666211047
VHL14930,1.4927618748943725,1.443076105325928
VHL16445,1.7490350038741393,1.2697691717904158
VHL11308,2.5926887689303877,2.726433160734243
VHL17652,1.685982401977436,1.5103344027985277
VHL13004,2.80281981744442,2.414933926022804
VHL10262,1.6806649061177381,1.6920126951606735
VHL13111,1.1390930665846697,1.137395292767667
VHL13568,1.452494609780939,2.119009564892404
VHL12606,1.3106046287421438,1.4070154440536262
VHL15786,2.1308054270887986,1.8825117364301125
VHL11054,3.465436511190105,3.3841481344500464
VHL15167,1.0364528667147366,1.000441108937887
VHL14716,3.5681524487398177,4.059332460756608
VHL11763,1.4494161169171513,1.4768590626585931
VHL17885,1.452494609780939,1.668228997500585
VHL16048,1.9191864141166335,2.027062831159516
VHL17032,1.0716169124112087,1.983787366155062
VHL10344,2.497102416995191,2.037908403473334
VHL13463,2.170975147751444,2.125596908269129
VHL12903,1.8201010118662748,1.5116728420076837
VHL14551,2.560545970120096,2.7877069563235346
VHL14763,1.4861457381222536,1.3960250282512916
VHL19270,1.7222530478102336,1.6383765028902366
VHL12817,1.4861651258329132,1.6026843527322212
VHL18354,1.3849905502201116,1.4219720262607651
VHL12185,1.7974069865117603,1.804420642745577
VHL14983,2.44855648611498,2.473725213149578
VHL15530,2.305472312260176,2.735943684903861
VHL15827,2.2291818467529656,1.4192400484363388
VHL14886,3.4498195364856157,3.780652332267344
VHL17643,1.5488684261548407,1.2982488932330254
VHL16987,1.528672757260536,2.3471291126685827
VHL14294,1.8349036713401126,1.889789299609738
VHL16175,2.4973583597298656,2.458644908584573
VHL18639,1.4907279809039866,1.3898758242729732
VHL13640,1.321285318727139,1.367701617475673
VHL17895,0.8855363780295653,1.1056766362596857
VHL19307,1.6517362992528473,2.121798842996463
VHL19436,1.4959900038248812,1.2714629577708376
VHL19809,2.667902787579469,2.9174202530764286
VHL10638,0.7791313534375652,0.8887633190519266
VHL13859,1.560263639955728,1.727100232732541
VHL11640,1.5565647872629396,1.5969775723436634
VHL13661,1.616131230412804,1.6094370345415538
VHL15523,1.9467877302353807,1.7819538579142131
VHL12838,1.723345126076056,1.7318145112987862
VHL11312,2.184569893909919,1.8040975677819653
VHL12699,2.068528322277733,2.517943285106936
VHL14640,1.0768834491999946,1.0961700215217385
VHL17666,1.9579019791465337,2.09854579268714
VHL14903,1.7520308857473545,1.646344307487145
VHL13835,2.4024263356329874,2.2023604353302417
VHL15635,3.4015443397974416,3.61671715634083
VHL19827,3.347598381475713,2.767361257775647
VHL14808,1.4256790293389234,1.7623094989931345
VHL16208,1.5566160011934083,1.5363432001602175
VHL18605,2.0070614161513043,2.042152333738769
VHL19751,1.5571416256746624,1.821768613745214
VHL17664,2.307221182084342,2.1635760740969787
VHL12588,1.2339206019525784,1.4212209254188437
VHL17702,3.037470849855903,2.365194344012904
VHL10842,1.032597271116274,1.2201238045647649
VHL19609,3.4935450702715682,3.50939742707991
VHL12767,1.90656931912868,1.6934294994676329
VHL13680,2.2243678989536173,1.859818828452735
VHL13507,1.6874470560294768,1.635985182053438
VHL16160,1.9355385667462066,2.246797930769344
VHL13555,1.0105151278059004,1.2095315354244467
VHL18088,1.4483040565850174,1.5680364032025156
VHL16428,1.3120327907552896,1.3527261720830108
VHL11278,0.9502873297796087,1.0159478897141447
VHL17567,2.2289254174071607,2.136967907675263
VHL16715,1.5190962784144486,1.4962311304750515
VHL15486,1.7583945729491781,1.6146476897623947
VHL10286,1.4418254136398805,1.5055469044389969
VHL13344,1.260310501967269,1.1048976563135475
VHL17544,1.6694657924622682,2.1974602954144142
VHL12579,2.1682665891701687,2.172690404072327
VHL19966,1.5962345615301599,1.2995523589672535
VHL12989,1.8618891454692321,1.795128522883493
VHL18968,2.188100709493501,2.075152811306974
VHL16423,1.5452463401666698,1.358704682491218
VHL15852,2.076720168800104,2.3187715884241653
VHL16298,1.6926782775919076,2.1525188089634466
VHL13399,1.8428011915998845,1.6311663846288476
VHL11381,3.943010222731078,4.196926446439885
VHL18329,3.9632650709845465,4.27019320453848
VHL13335,1.5274287226426744,1.3190087923469525
VHL11885,1.7508599213308291,1.688535802380562
VHL19284,1.7962108905771383,1.5772624053196465
VHL12612,2.310676714754421,2.243160466510321
VHL15522,1.4415329624819404,1.5947500244699089
VHL16059,2.6524718619585985,3.0638424324563664
VHL10388,2.176896912982593,2.115231458631252
VHL10025,2.241464936407216,2.577890902745972
VHL14629,1.149060169329874,1.0109992977502744
VHL10790,1.756402088968959,1.647156571015175
VHL17966,1.8686324707306503,1.601217515069098
VHL12843,1.9048695739191026,1.7449399709584716
VHL11996,1.7560072221082155,1.7479765211711926
VHL15688,2.594564245991958,2.46461142974296
VHL13110,1.4144662540952784,1.3943710795829465
VHL19865,3.6883288218192702,3.6093928710579792
VHL13379,1.3847944293770023,1.2044904823015743
VHL18639,1.744891946765972,1.4730222172463527
VHL16928,2.5483071971491245,2.3877568431294858
VHL11725,3.5957963001965574,4.135514028311805
VHL11355,1.9077480263016775,2.089584413378438
VHL17560,1.8335609141956386,1.9473923306503744
VHL11885,1.960724896638332,1.9460665352145392
VHL12995,2.688302552972302,2.4503367232944195
VHL11751,1.3236232065028364,2.119724601369045
VHL14633,3.0224856949598307,2.748224097475084
VHL16853,1.2274777363019833,1.3302767348909443
VHL14501,1.7407832594331207,1.8986241129565549
VHL13938,1.74323044296064,1.840428424455505
VHL12329,1.5499763581933699,1.1760223675360044
VHL10067,1.3257547105034908,1.4595803958217872
VHL19818,2.2099307473493037,2.386660391565601
VHL12785,1.636368174520981,1.558181705209594
VHL13874,1.5565647872629396,1.6090385606780324
VHL18142,2.6153670631840398,2.5999319729051376
VHL14855,1.831917654602141,1.9103048247990504
VHL12147,3.6145196132514466,3.144180869036149
VHL15256,2.7394973736706105,2.3972778408326465
VHL13751,1.903599822896447,2.561949112207939
VHL17863,1.535543898061843,1.4974110799047935
VHL13981,1.4991916989229908,1.8327530901358309
VHL18916,1.5310493268914314,1.4137396444993515
VHL19492,1.7534390718119308,1.4100675701619505
VHL16004,3.4473586054053995,3.6922800748381217
VHL15913,1.3160409207675294,1.3042861125272334
VHL16871,1.5851812424712046,1.7234348554305343
VHL11388,1.6699063299122063,1.5456111285151344
VHL15019,1.3619386131610844,1.3039043645466049
VHL11934,1.4385395002941135,1.300877606697665
VHL19784,1.2790090772191136,1.3231495414312109
VHL12593,1.2706030936251436,1.6863496707292551
VHL15836,2.155706865175147,2.451625694538063
VHL17034,0.9786933002008557,0.9058037894816284
VHL14607,1.8815128668544425,1.9558706350958333
VHL17105,2.1362572918314546,2.156653592336202
VHL18773,1.9668071851674191,1.7911768826504617
VHL12684,2.51265115413959,2.274449231195669
VHL17154,1.1770012567179662,1.5070593503435692
VHL10849,2.1903896000747585,1.855893295393895
VHL12067,1.3402444782126608,1.3302985328595271
VHL14247,2.5686028974683097,2.753479183680676
VHL18581,1.7259667655143403,1.5099627332896548
VHL18516,1.7230969482125942,1.902184330821167
VHL17684,1.4710324129063228,1.5904742242843803
VHL17215,1.7154270454765541,1.4614338460778618
VHL15232,2.7201989227169157,2.2259920904994464
VHL19310,2.02224647574125,2.244437690018456
VHL12120,2.0578195499962724,1.4916157144890556
VHL15455,2.248680502626871,2.6400851495046584
VHL10132,1.394860438389994,1.3778672981322386
VHL12356,2.808122993108531,2.5618735761151328
VHL16995,1.776470984099976,1.7715006414118266
VHL15752,2.412810493551948,2.296084080494132
VHL12151,2.2577184412469427,2.4821636837208545
VHL11902,3.8456416113710183,5.276575399513523
VHL17808,0.936390082155586,0.917868278831486
VHL17592,0.9093181243230919,0.8771659636835304
VHL16636,1.5668950133412642,1.5617972728908671
VHL11497,2.0366758716506137,1.5541557121682912
VHL17774,3.1414109321695323,2.430747937843776
VHL15919,1.654199698414255,1.553541948501714
VHL15172,1.8390084398748279,1.4577889977988254
VHL11820,1.6798720029005607,1.5715150336685326
VHL13093,3.6413609036037906,3.621712092736713
VHL17445,2.4878084921191213,2.4037100772563504
VHL18989,0.9202124319180438,0.9075832563881332
VHL10713,1.6828062214871289,1.4696114418023232
VHL14240,1.687969708142273,1.24597676589489
VHL13501,1.0149015993564314,1.1738810720731716
VHL18215,2.1807871184834013,2.476197305601912
VHL14878,3.67593254604432,3.123418286242859
VHL19143,1.540108133798078,1.1725944835701398
VHL10173,2.2101793899588005,2.2035406614407296
VHL16962,1.55941093111606,1.7485783547120772
VHL15384,1.0162590759413306,0.9425650272165872
VHL13844,1.5215742938966235,1.911864175641276
VHL11998,1.6576017360381203,1.9919543358216727
VHL10444,1.327477471556762,1.0450216406910393
VHL19655,1.452494609780939,1.668228997500585
VHL18921,2.127928782404745,1.7429021120670063
VHL11774,2.3072882849200664,2.6112428367838145
VHL15490,0.9843082399875925,1.3096751725392797
VHL18694,1.6617904091208207,1.8630970748908209
VHL10360,1.3849016498065057,1.4029933959455485
VHL18707,1.9560870919493802,2.34216416909158
VHL15801,1.5202298353209849,0.982752877656588
VHL17931,2.788712086207201,2.56114974556619
VHL16716,3.297626670842707,2.527499100536856
VHL11290,1.535543898061843,1.4814367574207885
VHL18180,1.7871006892506167,1.4000615416474165
VHL19935,2.0045938289656187,2.039733732382489
VHL16593,2.1920039023124627,1.887259776167389
VHL17349,1.2367599087680834,1.1352258004077829
VHL18705,2.260086202488542,1.826204912754132
VHL18527,1.4578852306523715,1.444431796612267
VHL18577,1.441028065587029,1.3340921052147403
VHL15369,2.2480923999638014,2.423443740917401
VHL16140,1.4457859390991166,1.6538487657937713
VHL11458,1.885651832857814,1.8332505509307315
VHL13652,1.020696053008272,1.0778247635360518
VHL13470,1.917742518661192,2.154397356414658
VHL17609,1.613694876918046,2.0179845952965403
VHL16953,0.9845262785434421,1.3488572433322268
VHL19670,3.2756874203372233,2.6116798824454235
VHL16517,1.6529316693460179,1.718020054959523
VHL12631,2.1870970952652913,2.3171237340478656
VHL14338,1.3465381077771663,1.292634378894331
VHL13224,1.5522202198496533,1.4641615383250162
VHL19157,1.547282016502285,1.2700275358163051
VHL10266,1.3427666480047846,1.390878180888268
VHL11597,1.675958997202482,1.6675989275996657
VHL16219,2.13151127392456,2.5281894436374315
VHL12828,2.16939397390544,2.172966440654228
VHL10364,1.2477904606016939,1.1852413568189744
VHL11875,2.962242184663325,4.18382023367023
VHL10185,1.0277057295614347,1.018109694201923
VHL12097,2.250483754828808,2.079234089526216
VHL17691,1.2007878001145573,1.224746264016292
VHL15092,1.8897997566000335,1.758701517284094
VHL11628,2.4503739871032666,2.4404234099150144
VHL13662,1.2911095511020185,1.2558682542581363
VHL11486,1.086501724283115,1.344822297429653
VHL18373,2.29857068992957,2.0924039583198937
VHL16605,3.6215057348316604,3.636188713049258
VHL14670,2.290790445773105,2.37347627094293
VHL19579,1.7322302236645517,1.483157772139536
VHL15504,1.0451992033636348,1.295645480513987
VHL18831,1.4219005843202388,1.2718858558539816
VHL19404,1.4004939581004479,1.5489467027504926
VHL11218,1.7303109678566941,1.473001768806414
VHL13869,3.702139971964749,3.681471185157797
VHL19846,1.7494015643041745,1.877351304902755
VHL11677,2.201468006809331,2.422655262623186
VHL17416,1.5890209484450413,1.6639815179331388
VHL13175,1.5927118904193465,1.4385472095653495
VHL17965,2.2229545685695364,2.168949265016064
VHL19048,2.3506281915730756,2.327221465192311
VHL18117,1.1825468945109043,1.1825219408901055
VHL16742,2.135675199481038,2.3810561252119475
VHL10339,2.1903896000747585,2.431750984232273
VHL14079,2.0549388490600693,2.2716771678464767
VHL17034,1.468769607077612,1.4546873715619617
VHL15903,2.0070959779093833,1.905167193650392
VHL14643,2.1403394408686154,2.1127764313222146
VHL19176,1.3725299998558258,1.3953140271772058
VHL16293,1.6708989985819116,1.7632489411160217
VHL16573,1.4470003679248808,1.3795107386166612
VHL10615,1.0779708466339843,0.9256302661278772
VHL10834,1.7713775319280365,1.675780215783518
VHL13200,2.013175848059803,1.869975074291513
VHL18949,2.8619503929342494,2.8963938667357536
VHL14402,1.7756331654068043,1.5986375019144274
VHL16439,1.5786879383216954,1.5387054448633437
VHL14135,1.9807195092973147,1.8626987420406185
VHL10015,1.18405020110146,1.299570559843465
VHL10388,1.8540543953503543,1.767579421167511
VHL17226,1.4455280470817868,1.8885885350950948
VHL16884,3.327909127356649,3.867301294218444
VHL18216,1.3997830079036155,1.4121704587230668
VHL19751,2.3260616841210546,2.2531866875150026
VHL11071,1.8957741921058802,1.6960307258568474
VHL16489,3.103578716581464,2.665411119327185
VHL12578,2.2193027572353494,2.087520845213972
VHL10582,1.762269645542449,1.605024238897868
VHL19617,4.245983564638326,4.08363855587494
VHL14437,2.4881231943590514,2.46244774717222
VHL11749,1.315361631870474,1.3156680016640068
VHL18131,1.983950905,2.2370192071219974
VHL16700,1.9463206693191417,1.799578323218031
VHL14166,2.2125939062056545,2.5515580605822263
VHL19100,1.3560435302017095,1.0812349235857122
VHL11100,1.877014431839724,1.8439697783476685
VHL17954,3.631833637415794,3.5228415941264943
VHL15065,1.707446217030549,1.8811377341382305
VHL14908,2.5569485371121603,3.229606720831169
VHL11925,2.4576798843157146,2.2221429502350567
VHL12725,4.197250535360878,4.433420067067037
VHL17558,1.5611105723638201,1.4786251657220413
VHL12989,1.6526252299193807,1.897093654687397
VHL11734,2.908559400088916,2.752343125647083
VHL15324,1.777115858256596,2.3485677645611203
VHL19720,2.235096311285744,2.2432773746143737
VHL17274,1.1329848170751393,1.1767259203609302
VHL10206,1.630979019431996,1.9207593476072355
VHL18355,1.7418749753950944,1.841317645303593
VHL16634,2.1413464118415337,1.785726850062083
VHL15037,1.264750687269097,1.3985704480246617
VHL19446,2.277533153470994,1.922236000773024
VHL11255,2.146031979340239,2.1857971127402807
VHL18968,1.944627619973178,1.7695162879805846
VHL17262,1.2596433457259928,1.335646738336992
VHL19635,2.1362572918314546,2.134170737111303
VHL13636,1.4808207602784107,1.4517263655856436
VHL14827,2.346637218931289,1.8892248463770165
VHL13630,2.863830211084523,2.754032762393022
VHL18929,1.5310493268914314,1.4858636967945205
VHL18493,2.978102869236006,3.6658135033618886
VHL11970,2.0660801983700323,2.178854561344817
VHL18557,1.5554763969704806,1.4952731424603014
VHL16603,1.8191370969303826,2.240120658251313
VHL10144,1.5177633440653022,1.3975462458683765
VHL19283,1.4248421139324128,1.1464698974569278
VHL14957,1.3392645767191877,1.3257955121020322
VHL14521,1.6357938957964726,1.2652032413061152
VHL14631,1.272457059019452,1.604837506495953
VHL10741,1.7044435315237372,1.651966716901108
VHL18773,2.304557118747102,2.0156220098724607
VHL15546,2.316104022279191,2.2465403434121067
VHL18796,1.3712057212978668,1.6059805964419207
VHL16777,1.8843202911124706,1.938019237313763
VHL12667,1.6451544275355203,1.57621021278256
VHL11806,2.1317633594703023,1.4381945137206142
VHL16241,1.255095944063966,1.3206022838942597
VHL11602,2.6931106003546135,2.37525425750845
VHL10361,1.4472733598361738,1.3998524892148194
VHL11563,1.5156785310844436,1.4605801377194387
VHL18781,1.5918809446629056,1.7920178885985103
VHL11605,1.5515532664062097,1.53333271087099
VHL17566,1.2198163304702565,1.380250418210901
VHL14925,1.4264174567611252,1.5205537864406549
VHL17378,3.711967520660342,3.807837334788577
VHL13933,1.5093444213745384,1.408585763408304
VHL15621,1.4276350664454236,1.434580301202533
VHL11212,1.4508568484987143,1.505498214930721
VHL17047,1.4429784059935307,1.4446673466105586
VHL18495,1.3266755103065717,1.9149230534068031
VHL11789,3.360414619796289,3.532694642157112
VHL18812,1.3232167102030066,1.3785948814114044
VHL12003,2.093064238344049,2.026691396719021
VHL17763,2.0868505925515453,1.8628759713615493
VHL10234,1.5145521181452148,1.002342962785572
VHL11820,2.630239700541849,2.837882573776339
VHL15612,1.4059372199212554,1.6212726626473264
VHL16969,1.6037407061237805,1.977938138328425
VHL15883,2.6964290517122325,3.025972852567187
VHL16910,2.2799345553550743,2.1337092659282444
VHL15537,3.604716040695963,3.503466697931178
VHL19483,2.2216716100879177,1.82507655638444
VHL19061,4.425379277240113,4.572415549009489
VHL10122,4.599621336537158,4.285908294766365
VHL18413,1.7802524781658495,1.4310757301798736
VHL19153,2.2203782114124966,2.2695245555370875
VHL16118,1.4240738440026486,1.4280743459606366
VHL11390,2.153913150631245,1.7269181472687944
VHL15701,1.2639362399961085,1.5361388822950397
VHL12322,3.273407165920907,3.222549640419332
VHL18493,3.1746811878554246,2.7227101769228312
VHL18230,1.4509553452996005,1.672548194993489
VHL10567,1.2706535435620747,1.158288311263223
VHL16862,1.4940387826442088,1.3288430442941512
VHL12040,1.8942243428566337,1.4430875314552494
VHL13506,1.6526252299193807,1.8974198197372467
VHL13379,2.314629436420412,2.0659246169032643
VHL16540,1.5702276946419178,1.430661724909167
VHL14882,1.5105143263323166,1.532980921349219
VHL16979,1.3855342637929002,1.3202278480216398
VHL17108,2.2045803937667,2.196936993526225
VHL19862,1.2571250798736668,1.0652980612878893
VHL19541,1.7305104755215814,1.67337591884197
VHL16650,1.4320910538856608,1.5321950421363253
VHL18976,2.585413977542437,2.3039546715601578
VHL15984,1.6571881654726153,1.5077671261074037
VHL13017,1.8130539682796531,1.808790463456752
VHL12807,2.5135702351478058,2.3339393589958264
VHL16571,2.322636213741876,2.14167198878594
VHL18496,1.7984541403458454,1.6582536010455646
VHL19085,1.209699663552725,1.2513316728922093
VHL15655,1.5991628149863053,1.7810470958261335
VHL10274,2.474469560189033,2.108520895668912
VHL17927,2.7686038403628253,2.608796708758574
VHL14169,1.550125959876194,1.5671690492444568
VHL10088,2.778785513982062,2.2424358320545537
VHL19133,1.624926062090196,1.436485314276773
VHL10124,1.2376515675283783,1.4251678963330594
VHL17800,3.5974477576105257,4.229348259397374
VHL12549,2.02115809780629,2.080113049802287
VHL10900,1.7424302339351758,1.5790380928082852
VHL16654,1.4183868818834788,1.3523804362687
VHL15178,1.609537108310478,1.2953559496188942
VHL10370,3.205642012384242,2.740465617274609
VHL19083,2.105613808870716,2.246459127924449
VHL10667,4.512031303573491,5.148546328110035
VHL11177,0.9822739002319217,0.933443631825612
VHL19621,2.031570292367299,1.7818382889708646
VHL19834,1.331521721221881,1.378555412942987
VHL18831,1.2899831607833883,1.5582432930156715
VHL16058,2.4116911026046823,2.056652371278012
VHL15327,2.85636389591018,2.58005233492637
VHL10566,1.3892530010138011,1.322160292860238
VHL15911,1.5289318622305994,1.6040915659613333
VHL18703,1.372283017435594,1.4116284729818265
VHL19494,1.180290461679391,1.3953335257228454
VHL16292,3.368498293464485,3.4746175123820624
VHL12417,1.4953855540194714,1.4776265646963334
VHL16694,2.0153516547619335,2.0240088346136504
VHL16876,1.7565093413390627,2.1193504344087906
VHL10394,1.6398227530473737,1.4544726041861455
VHL18192,1.6444537915414792,1.5166985854851234
VHL18989,1.6727517276884512,1.6371541880940963
VHL15531,1.5047115617674423,1.7357210529770135
VHL19945,1.42117003598641,1.6339793432638858
VHL15352,1.7479657140737483,1.648386880226655
VHL10470,2.0195663098614602,1.4790023173525937
VHL12910,3.8873366723784657,3.950762142100473
VHL19260,2.3562284506460993,2.242687624754372
VHL18747,2.189675215439153,2.3037288130474227
VHL10865,1.991850666088397,2.135960348749465
VHL10512,3.3590448130842887,3.607533858040776
VHL19176,1.1577488184647609,1.0650854519701651
VHL18494,1.120279213589719,1.1315875734555243
VHL14953,1.4514391836653697,1.391654419890611
VHL18146,2.33177241297017,2.160910469260286
VHL10753,1.6893923392016874,1.537244408952753
VHL13266,2.284376393981439,2.6524996812032047
VHL18142,1.8615798543028046,2.115610617427705
VHL12499,1.6699063299122063,1.5456111285151344
VHL11132,2.4662320100643997,2.282643614085522
VHL16161,1.14171141481874,1.2893127478647486
VHL16332,1.4709028299980704,1.3228608743246348
VHL11947,3.909366861174557,3.84750177408379
VHL15516,1.438310864444906,1.4415832944061515
VHL15620,4.459576741411178,5.319517148761903
VHL11334,1.3974262304126412,1.7908519724791023
VHL14676,1.2293134855824501,1.4033410909543664
VHL18063,1.2513463928232602,1.1857279897960198
VHL11305,1.7554922170066127,2.169061477261259
VHL17190,1.0943430450641902,1.161464763314662
VHL19509,1.9948591909897957,1.541327179422473
VHL13065,1.9590298548815401,1.9074008130726607
VHL16948,1.6396651353402156,1.5812941317578093
VHL18753,1.5956063754205076,1.754335648978627
VHL13306,1.2895848952285849,1.267977244873037
VHL11296,1.7004091776129784,1.4186278295194186
VHL14799,3.180170696187808,2.799621838426332
VHL16629,4.05929226208065,4.096531319772466
VHL12469,1.6977034270879074,1.65317952695663
VHL14725,0.975859083668691,1.0268702286448537
VHL15360,1.2322715260036934,1.450606015073597
VHL12472,1.2887252939715075,1.22848075122483
VHL17694,2.3426472609929787,2.0358071358603
VHL19367,1.4721891969619791,1.7777046569251866
VHL13921,2.0213222473918693,2.103559518538228
VHL18424,1.687969708142273,1.2451234040058683
VHL13215,1.647267945054437,1.7387929458387117
VHL19720,1.2302145955419999,1.396592501459652
VHL19474,1.4182801917476446,1.4309552039221125
VHL14718,1.429949518208347,1.1372930030292985
VHL13614,1.4264174567611252,1.8030202218581857
VHL15761,0.9985339265449149,1.0743860798091327
VHL15481,1.4398950624770528,1.4346175429790815
VHL10583,0.8939838746300689,0.9018219300379132
VHL10999,1.3423751027328952,1.4777893255641985
VHL11387,1.2462941669883705,1.4238437049159305
VHL17201,1.8134422665876044,2.225755717465932
VHL11541,2.6131951732684926,3.047550489374483
VHL11491,1.4059372199212554,1.6825230076798787
VHL13571,1.3852884097293148,1.3770500716687162
VHL17798,2.337208884824436,1.9150998349310628
VHL11615,0.7628286366959096,0.7193222201344425
VHL17412,1.472107493360678,1.5204812669096233
VHL17680,3.7678743757252455,3.96503823501048
VHL13091,3.2977483504349374,3.3633676574841163
VHL13434,1.6568878149918906,1.5626550780665418
VHL15052,1.983897277188985,1.769203599855944
VHL11742,1.5075823080501531,1.5694046419798746
VHL11925,1.9050479230397894,1.8133524832427048
VHL12016,1.558756076514413,1.7071346611695517
VHL17513,1.5173495424206977,1.236080060699837
VHL10564,1.1605894214824979,1.0975169567758902
VHL14087,0.9913636013179868,1.1299450062776506
VHL18246,1.7266211357374612,1.8296255835760409
VHL10468,2.1788272380655918,2.290913931991501
VHL18823,1.6465993753292079,1.5293134546972973
VHL10264,2.217607531551806,2.309095236617109
VHL15285,1.6878595740913205,1.7508871385965878
VHL16403,4.316394530992488,3.936298015732102
VHL14260,2.6632169418298313,2.519278479268385
VHL16390,0.8409849648142327,0.9798952874523736
VHL14383,1.8144706133002118,1.559843420916292
VHL12924,1.4911748721799047,1.514525373390281
VHL16793,1.1374959664378246,1.262445856468799
VHL19286,2.0301790932631376,1.848276831372516
VHL11692,4.018264805248398,4.209285656031616
VHL19565,1.5094549299058078,1.6174411388797325
VHL12271,1.8216161784044054,1.7655557344036823
VHL16387,1.6682592427096083,1.871567674955964
VHL10067,1.335064947351233,1.4522880624436791
VHL11055,2.4182937681207166,2.591597247205609
VHL16282,1.5462238746314425,1.5179472072112865
VHL10373,1.846624511196271,2.08793494759108
VHL13130,1.7988653683087068,1.8068549450341285
VHL14791,1.5078458459068897,1.4435200882169177
VHL17669,4.018264805248398,3.85087596821328
VHL10245,1.4256316011331474,1.428287368507913
VHL13394,1.37860472054665,1.1697611385174072
VHL13369,1.4675016469695221,1.6574623663206431
VHL12230,3.027791438349762,2.398839356405666
VHL15024,1.3900336705328729,1.3195811394215329
VHL15401,2.2114317545345243,2.511941280673054
VHL17830,2.0868505925515453,1.8628759713615493
VHL16594,1.7244295422137674,1.637374626225305
VHL13400,1.5478851750519282,1.7951932308440977
VHL13413,1.3999640853265782,1.4711428804647568
VHL11338,2.2774941200139027,2.3050246584202068
VHL12928,1.8688854548678193,2.240541925271349
VHL14141,3.015071117869288,3.040745963824524
VHL13196,3.846259604463973,3.737493824887488
VHL17193,1.4093216277403258,1.4040858701700385
VHL13848,2.2432192548191585,1.9383132622465629
VHL15690,1.7558400150215498,1.8817454357605785
VHL14292,1.5106189845672229,1.4110895885380137
VHL10249,4.535985088701544,4.63649161112441
VHL16684,1.09038527193791,1.1624129906942091
VHL13663,0.8735655410588092,1.0283368254163756
VHL16780,2.0824250443949537,2.097770003609796
VHL15195,1.5381180727868842,1.9271353524491013
VHL19709,1.337322145666819,1.340331675700671
VHL16300,1.6334902020492374,1.692959898569944
VHL18402,1.347117234245591,1.3516865075196858
VHL10408,2.119317258884588,2.6468063709215204
VHL17856,2.183246652645509,2.348315921132674
VHL12909,1.4309594980652733,1.579250160925113
VHL17579,2.6837413901048697,2.7380566207609824
VHL14360,1.810623876714341,1.6729824439301744
VHL16170,3.2765825808773754,2.5212017480799385
VHL11625,1.591809631278664,1.832393950151104
VHL10141,1.0533423181329442,0.9533203897637686
VHL13372,1.1427568380655522,1.3844461540340791
VHL10702,2.347537635546952,2.247850934616235
VHL10168,1.7696042740533529,1.4187443455927338
VHL17506,1.8232498897153175,1.8869221340797029
VHL19811,2.0931296681703704,1.7659246266247386
VHL18898,1.3343627878404933,1.4296117127270531
VHL14976,2.3454397761380497,2.3595600553976537
VHL19528,2.4098627133572696,2.160972023064157
VHL14747,1.5770465715306923,1.512715779922388
VHL12298,1.8936545660966047,1.943431967413781
VHL12897,3.94001468047912,4.226335196516135
VHL14501,1.3822982971322806,1.2120384018389552
VHL19230,2.3765007414284596,2.2409294992584976
VHL17122,1.6408252414380595,1.7988239243182296
VHL13093,1.5335337419894324,1.5133915579741022
VHL13713,1.4251389826755676,1.4235655262734987
VHL10827,1.4397134153709883,1.398380033868427
VHL14671,1.5565647872629396,1.6112782301779318
VHL19953,1.6134346510852384,1.3783911672054705
VHL14674,2.337988193906798,2.4946601829961907
VHL19651,1.6977026243951823,1.7971236054938964
VHL14860,2.044412303012588,2.293631251218228
VHL15452,1.7235150610742511,1.7936746052180184
VHL11031,1.9540425054093487,1.8490990574660564
VHL16763,1.9819591850690856,1.919485362635736
VHL13764,2.1525298093230596,2.228160593002711
VHL12562,1.7549984712540017,1.6981543922211366
VHL11827,1.2724444660053293,1.2907172736636878
VHL13929,1.6459201109929875,2.009086671737685
VHL10039,2.4336049176344496,2.875602128306996
VHL15009,2.4636935628662036,2.385767499274144
VHL13821,1.9181324959794417,1.825057554013976
VHL14348,1.7249221380066586,1.6016020977745484
VHL16840,3.0997725483015093,2.594692869431896
VHL12002,1.9506933639823814,1.4899472806265144
VHL10237,1.6969198630788838,1.6237916831510133
VHL18738,1.5307456652880416,1.2313595649351332
VHL10568,1.6447003525797386,1.969982867067955
VHL19355,0.9957500888123676,1.0176964154140442
VHL16226,1.7989853733447767,1.502992250589412
VHL16719,1.3875020998864724,1.37730502113123
VHL14548,1.4210808893447011,1.4106909243315795
VHL16912,3.4904839627285598,3.4993072345587355
VHL19505,2.611764871319968,2.9231799230947924
VHL16442,1.8143761482449996,1.5001978631466608
VHL16825,1.3839835777327447,1.2796785622543765
VHL12658,4.4144191521275085,4.233542339543052
VHL12481,2.4125444994756426,2.607307991669394
VHL18658,2.1434812996096513,2.4195449154700897
VHL15493,2.019565596611926,1.7742420178905416
VHL12577,2.980278430830713,2.996338024820968
VHL13844,1.212421463851994,1.2998417944596383
VHL12544,1.4235752964773984,1.2612088274920343
VHL14450,1.8679306257312003,1.8034715412660889
VHL16818,1.334220173127996,1.334248212561905
VHL18694,1.7984446334780457,1.727133399809846
VHL13597,4.240463125205927,3.900289676273248
VHL15898,1.5553734207828949,1.4657063847228105
VHL18680,2.0491616734239093,2.1150762237645644
VHL12465,2.1882681670717345,2.215539797313591
VHL12148,1.352631006398037,1.5573008000771045
VHL19876,2.1607553886126682,2.6388394564204094
VHL19612,1.6568160218129073,2.0617382359147025
VHL18169,2.6548953430804563,3.0741643990133256
VHL13267,2.2748026672802015,2.301576402301492
VHL14640,1.4810875578368758,1.4629562659026265
VHL15593,3.196602210546849,3.0364555179815103
VHL16387,3.7309621145020513,3.958292029896195
VHL13148,1.7433872385479154,2.060409223971282
VHL11142,1.0280873793136311,1.017310340999
VHL18659,1.5293519511253755,1.3940456131595935
VHL13899,1.9671444076504732,1.6093196547054949
VHL18985,1.4782242998368391,1.3677525087493114
VHL17250,2.1768638136090592,2.343731794588954
VHL17539,1.7213482696115676,1.6867446057772122
VHL18609,2.4831307020005147,1.8929097113458635
VHL11948,1.7119367106874281,1.6530896080466906
VHL11525,1.6771689618978094,1.776967027151644
VHL12806,1.5088638444512763,1.479476452712081
VHL19564,2.8449656470775855,2.257044604682773
VHL19054,1.723602274856583,1.5629232616231812
VHL18679,1.1021602266265003,1.2461690587087453
VHL19665,1.844074407231074,1.923784615908866
VHL12463,1.7692859426555372,1.9818214782280856
VHL10753,1.2918548511688293,1.456463586838472
VHL11312,2.1291215475384067,1.587710915845199
VHL12620,1.5463965735914562,1.4872843715527082
VHL17592,1.7495410226977217,1.8814949907632728
VHL11746,1.5565647872629396,1.5576379775259153
VHL14332,1.3897377894533292,1.3351744001876231
VHL19959,1.6549291500758911,1.3704475138003316
VHL16741,1.5712632946056868,1.70948049562079
VHL10763,1.9698552641793714,1.6411440211697574
VHL17541,2.319843332898862,2.3236257019598945
VHL11701,1.8968925143864326,2.2015783148644665
VHL10194,0.9880029397170069,1.3601141535792012
VHL13479,2.4555796490103825,2.3792610356934247
VHL15975,1.686500022836562,1.5955118176786809
VHL10231,1.9983889517621367,1.802947870523339
VHL18446,1.6702842541585963,1.6689622185523851
VHL19365,3.462166186637154,3.731414477150494
VHL12815,1.5723860990229583,1.4501188558798608
VHL17210,1.2852672037310042,1.7783248060505046
VHL14273,1.2795722816998414,1.3508367490536373
VHL16001,1.300153988181949,1.1516206571549876
VHL17232,2.8369318098532625,2.4415245205813383
VHL17877,1.4561373646860252,1.1761846159585398
VHL13772,1.6615399257349857,1.6870015428375231
VHL14502,1.8924508441137664,1.7460427623964554
VHL12140,1.594425212328983,1.2988972413377888
VHL12267,2.6481292576204725,2.2480752088181166
VHL18736,1.8762614372301214,2.302564386119712
VHL17988,4.147152044739165,3.699988873797328
VHL11233,0.9223243161831707,1.242565064484776
VHL18205,0.9373520991015765,1.2189560665913095
VHL17229,1.902859506748402,2.0979471535792062
VHL12503,2.077187673628574,2.17507213334386
VHL16555,1.9333230064975218,2.065477011319055
VHL11608,1.524731615082752,1.3992110116009366
VHL13099,3.153467902506173,3.042756912445217
VHL10464,1.5778295686920827,1.3105850405467852
VHL13660,1.4093801018980978,1.4303937862659033
VHL15246,1.8708134747078122,1.90121030238436
VHL18351,1.4264174567611252,1.480880921473482
VHL14567,1.3947624573270565,1.4188762552247636
VHL18076,2.0112445021404444,1.6122482302705832
VHL15135,1.4452546597886382,1.1110886513036946
VHL14661,2.656520294680562,2.7027146793085923
VHL13468,2.539317343353901,2.5477945944639724
VHL18899,1.1855336301055697,1.2641820003432027
VHL10051,0.8196112557211288,0.91289703837509
VHL12127,1.5956063754205076,1.7579850211793029
VHL12196,2.140063768874591,2.093299838244389
VHL17014,1.5972866791404898,1.4024826792955605
VHL11559,1.113462281082645,1.2142389347970972
VHL10059,4.068312700877213,3.864605352042883
VHL15739,1.2941316882404328,1.3480730810405128
VHL14808,1.8088337647798756,1.6970482530944448
VHL15611,2.2430706087732624,1.9000335121238736
VHL14636,4.107314553045855,4.45446496223562
VHL11570,1.7417549523282372,1.7658712408994626
VHL16463,2.2929746792682506,2.251480545011485
VHL16394,2.0380901233126587,2.045411244694263
VHL13693,2.070109281492624,2.2697690253383227
VHL12291,1.3989593344442548,1.4080419029740392
VHL15561,1.7775646693696536,1.5457922821129304
VHL19493,3.8326534041873592,3.571051734548945
VHL12756,1.2852672037310042,1.829882862675393
VHL10950,2.04091832906391,1.9714454438947904
VHL16866,1.4991795929002787,1.522532628647298
VHL12609,1.748264921326438,1.9391804939001056
VHL12574,1.650191890034065,1.4535805553140275
VHL17135,1.919690150846241,1.78627761662622
VHL13752,1.788584399396397,1.773522801251331
VHL13546,1.542544912819491,2.323642539335516
VHL11097,1.4080694194689947,1.315329573135911
VHL18181,1.5565647872629396,1.5576379775259153
VHL10940,1.5637249886772906,1.52092035477703
VHL16905,1.5783546680372953,1.4855932603050903
VHL19185,1.519682781633012,1.7493085040995608
VHL10923,1.630979019431996,1.8997994010149404
VHL18309,1.8091478552548168,1.7172790356632042
VHL19349,1.7700437389742656,2.0002024000357186
VHL13590,1.6434553162592231,1.5313294419268482
VHL20000,1.5151661550226119,1.5439395975857506
VHL12384,1.6074161009185826,1.7872927562063203
VHL13167,3.294119749365529,2.8967431343486583
VHL18928,1.8394010691220593,1.7920907409393372
VHL11333,1.3512265138953958,1.0535590708006135
VHL18531,1.0045369041451615,1.069965810285123
VHL19725,1.5958896956597965,1.511397695226652
VHL13535,2.2401613469337733,2.242182537772073
VHL15299,2.764253890605012,2.047967702869806
VHL19132,2.044412303012588,2.41122547726548
VHL19736,3.2056209011549646,3.1073623234089225
VHL11914,1.97789483483864,1.823989015391642
VHL14981,2.988022663165877,2.2896745104674925
VHL11507,1.6622273306613358,1.5230054645575668
VHL18768,1.4863841914477398,1.9444053169917448
VHL13208,1.4322144762034095,1.4097571587848856
VHL17200,1.717226652301844,1.9981463726864497
VHL19398,2.423923979615601,2.268405917327521
VHL10666,3.3590448130842887,3.615800643772621
VHL12919,2.9680120146914346,2.466238432126847
VHL17972,3.2127046604265197,3.025964529544848
VHL10315,1.7362192325372348,1.6373033315649048
VHL13868,1.3401189137722485,1.2180883307497377
VHL16268,1.723753758663257,1.9970851288249687
VHL15979,1.8053134263999777,2.032258485875145
VHL14334,1.3391772362966452,1.3827641295306097
VHL19984,1.4404524020762033,1.3801339368603551
VHL15905,2.1049788563745593,2.9121352905918965
VHL14849,1.5566160011934083,1.5363432001602175
VHL10077,1.664623219572189,1.6374617874278845
VHL12763,2.629746526484879,2.706874112066727
VHL13814,1.8314069054903446,1.620092220733053
VHL18236,2.1920039023124627,1.8744476588114825
VHL18380,1.6377852859236868,1.501250305736758
VHL11075,1.9619143590145847,1.6005111293027443
VHL10482,2.4450127092813525,2.2035201471461843
VHL10117,1.6862701113271648,1.749388547654101
VHL13673,0.9595024488881025,0.8671733057091608
VHL17221,3.558594232048054,3.440899273542172
VHL11240,1.7565661109968655,1.6933685925290751
VHL12562,1.6988623599249468,1.7119533445462922
VHL13799,2.303481404355235,2.5006553144335446
VHL13466,2.9593475651015417,2.883962433394538
VHL14698,1.625445365965848,1.7621062644822618
VHL15372,1.2669316458683269,1.0607930017523954
VHL13032,1.4210524342969069,1.41620598467076
VHL13600,1.391558643014917,1.2321673083544704
VHL17335,1.8378105152326036,1.7523933157218667
VHL15519,1.7923252192163184,1.392987192667128
VHL19609,1.8195222213961848,1.6661941397474864
VHL12581,1.5822570103856977,1.5369564029608285
VHL18738,1.6345204171582541,1.5807527573673157
VHL15107,1.5840671421548236,1.41431035334082
VHL16177,2.1403394408686154,2.1576293336380186
VHL11709,1.4813450148674117,1.4951938132259257
VHL14469,1.4825378361177879,1.4255458295410566
VHL13687,1.6890284404443487,1.7962945129771826
VHL16412,1.8043866370485417,1.8416475172520823
VHL14864,3.6713768694744457,3.975903307810551
VHL15725,2.2164223558347245,2.168287338046005
VHL17141,1.2539721397705814,1.2636318865327243
VHL10991,1.7585941875417679,1.8947800641674888
VHL10678,0.9222300797633984,0.9970189502345268
VHL13889,1.5197225641637493,1.562428715250581
VHL17084,2.1893279967999737,1.847128534685741
VHL15443,1.8460433051961946,1.7712048812520504
VHL10783,1.3641540304023219,1.4228324126696703
VHL19744,1.636636112276251,1.381862367918047
VHL18331,1.490097199766388,1.607215737292519
VHL16307,1.9722962526531205,1.8416148674416533
VHL18003,1.397157149615257,1.3853628084495335
VHL10838,2.193858503645624,2.118402012111904
VHL13320,4.074016751455485,3.7216515324139374
VHL19953,1.6925076370868737,1.6563925454245108
VHL19152,1.6756069134016376,1.6004752879947288
VHL15913,4.197250535360878,4.433420067067037
VHL15341,2.486814029468598,2.2970512740770093
VHL14269,2.1977725228844434,2.1724749187115213
VHL10263,2.865207627463888,2.8626501134387023
VHL10559,1.2015610760960869,1.4439351411812518
VHL17221,2.363266019038033,2.254961048875408
VHL12379,3.558594232048055,2.856785016399671
VHL18253,1.5189692716648833,1.3599119424906754
VHL11172,1.502482958674726,1.5349360939221643
VHL17213,4.390960314695614,4.410704774406347
VHL18445,2.053099573482321,2.302524569540363
VHL10808,2.476122803001034,2.6534446724204503
VHL13851,1.9234755249733708,2.240371495288154
VHL18936,1.6672071138255269,1.6370103192094152
VHL17750,1.588393327409333,1.6244184028118025
VHL14279,1.5379512621578684,1.4986575916946918
VHL17407,1.7717327580770934,1.5432698497084574
VHL17737,1.9600808259666345,2.2505832201463973
VHL11196,1.3782770638670534,1.4480960968198482
VHL10773,1.492742596856862,1.381287828369122
VHL12028,3.877721519568392,3.4587739125090526
VHL19833,0.8480187092882764,0.9304100978694932
VHL13566,1.992537929078156,1.8438970276708384
VHL18282,1.6940281782571884,1.577104833204837
VHL11015,1.409593997681608,1.3318782184832552
VHL16696,3.634029871802597,3.015914953556881
VHL13980,1.5189692716648833,1.3599119424906754
VHL18337,1.8897390011905073,1.6936281983319363
VHL11330,1.5166093481577847,1.648532459033781
VHL14873,1.5311031274028606,1.6924545363698993
VHL15435,1.718825246432072,1.815955748576064
VHL13861,2.101293804557491,2.42314793721298
VHL12073,1.4264174567611252,1.3851999681594498
VHL15320,1.8983023651730861,1.6828208187892102
VHL17850,1.2984775875378187,1.3793947283923456
VHL16757,1.7333583403648543,1.540349157939295
VHL15181,1.1593452713971286,1.244734255720283
VHL14613,1.9366155584515319,1.8231919236761995
VHL17238,1.797702004007623,1.7382716803902902
VHL12083,1.282932871076587,1.4875922288509602
VHL16344,1.6966134001435993,1.573857989305254
VHL19413,1.5544209855503122,1.3726801832093596
VHL17430,1.545484185989658,1.5085348522659994
VHL14996,1.8940768693304164,2.007011320487808
VHL13423,1.4367646619986956,1.3676826223202694
VHL13162,2.6962110970997593,3.505960229277519
VHL14672,2.5757032986961335,2.11537752140785
VHL12020,1.4899281505222164,1.3527270778953926
VHL16103,1.2845373613349913,1.385602452690745
VHL10650,2.22596109908239,1.8600657227197428
VHL15234,2.136291086209926,2.1546465299071413
VHL11305,1.795574698640218,1.725009802463494
VHL18180,3.030788645999662,2.992242107429917
VHL17458,1.2052791678437902,1.241913668411821
VHL15835,2.5792914217691476,2.6188890267925107
VHL17211,1.9402360937841792,1.7178133853469175
VHL17209,1.7248390642775306,1.3962345174347734
VHL18693,1.6434553162592231,1.558380151959493
VHL18975,2.0536548290827445,1.9845370312560668
VHL18976,1.5773598077898845,1.4663977743071597
VHL15391,1.5246552576537789,1.3879101290888587
VHL13071,3.9925534240057794,3.995989381228642
VHL19241,2.1019148982552425,1.972660833737036
VHL14944,1.42117003598641,1.5283244916064993
VHL19128,2.585413977542437,2.3039546715601578
VHL18577,1.2384594299833953,1.2905616859975553
VHL15429,1.0866811592721546,1.085213355758844
VHL12217,1.2789894571238554,1.613102278627086
VHL15705,3.0805954113969714,2.7721145461634182
VHL19888,1.3719565560866083,1.5026542459770929
VHL11906,2.477613269467111,2.048921114926349
VHL15757,2.4374008996874723,2.602563892240604
VHL11938,2.746724479698318,2.5549249021738074
VHL10969,1.8911015692774442,1.822718454523221
VHL11777,4.589722544236186,4.023245367235312
VHL16275,1.731461014511137,1.6231306232364249
VHL14235,1.5901181104362496,1.4239777537983604
VHL10496,3.086012514212929,2.778884182255228
VHL18481,1.5143549884567598,1.4004947302128214
VHL17185,1.3082883263258724,1.265410041519754
VHL15960,1.4167208820495487,1.4005474563762008
VHL11313,2.7190436139508782,2.531852285137327
VHL11288,2.601772630132987,2.940856137459696
VHL12337,1.894228375502049,2.0425901712614887
VHL14268,1.8143761482449996,1.5006077295432383
VHL10015,3.7447443168734695,2.6585374765872545
VHL16136,1.4221074363553832,1.241123797445491
VHL17903,4.181649493022266,4.321874259065024
VHL14018,1.65364069428119,1.540672290409821
VHL17473,1.8078345948915922,2.039033249833571
VHL11480,1.8538868822567776,1.6563225341797336
VHL13881,1.6416139575452173,1.4828056058674297
